Name,Time,Site,Depth,Transect,Coral_Cover,Rock_Cover,Sand_Cover,Species,count,sum
Dinka,1,C,10,B,0,80,20,Acanthurus nigrofuscus,1,1
Dinka,1,C,10,B,0,80,20,Aluterus scriptus,1,2
Dinka,1,C,10,B,0,80,20,Amblyglyphidodon leucogaster,1,1
Dinka,1,C,10,B,0,80,20,Amphiprion bicinctus,2,3
Dinka,1,C,10,B,0,80,20,Bodianus anthioides,2,3
Dinka,1,C,10,B,0,80,20,Caesio spp.,1,0
Dinka,1,C,10,B,0,80,20,Chaetodon auriga,1,2
Dinka,1,C,10,B,0,80,20,Chaetodon paucifasciatus,2,3
Dinka,1,C,10,B,0,80,20,Dascyllus marginatus,2,26
Dinka,1,C,10,B,0,80,20,Epinephelus fasciatus,1,1
Dinka,1,C,10,B,0,80,20,Gomphosus caeruleus,1,2
Dinka,1,C,10,B,0,80,20,Paracheilinus octotaenia,5,42
Dinka,1,C,10,B,0,80,20,Pomacanthus imperator,1,1
Dinka,1,C,10,B,0,80,20,Pomacentrus trichrourus,6,25
Dinka,1,C,10,B,0,80,20,Pseudanthias squamipinnis,3,50
Dinka,1,C,10,B,0,80,20,Pseudochromis spp.,1,1
Dinka,1,C,10,B,0,80,20,Scaridae spp.,3,7
Dinka,1,C,10,B,0,80,20,Sufflamen albicaudatum,1,1
Dinka,1,C,10,B,0,80,20,Thalassoma rueppellii,2,2
Dinka,1,C,10,B,0,80,20,Zebrasoma xanthurum,2,4
Dinka,1,S,10,A,0,100,0,Acanthurus nigrofuscus,3,3
Dinka,1,S,10,A,0,100,0,Amphiprion bicinctus,1,1
Dinka,1,S,10,A,0,100,0,Bodianus anthioides,3,3
Dinka,1,S,10,A,0,100,0,Cephalopholis hemistiktos,1,1
Dinka,1,S,10,A,0,100,0,Cephalopholis miniata,1,1
Dinka,1,S,10,A,0,100,0,Chaetodon paucifasciatus,2,4
Dinka,1,S,10,A,0,100,0,Cheilinus trilobatus,1,1
Dinka,1,S,10,A,0,100,0,Chromis dimidiata,2,2
Dinka,1,S,10,A,0,100,0,Chromis viridis,1,1
Dinka,1,S,10,A,0,100,0,Coris aygula,1,1
Dinka,1,S,10,A,0,100,0,Dascyllus aruanus,2,4
Dinka,1,S,10,A,0,100,0,Dascyllus marginatus,7,39
Dinka,1,S,10,A,0,100,0,Ecsenius gravieri,1,2
Dinka,1,S,10,A,0,100,0,Epinephelus fasciatus,2,2
Dinka,1,S,10,A,0,100,0,Goat fish,2,2
Dinka,1,S,10,A,0,100,0,Larabicus quadrilineatus,1,1
Dinka,1,S,10,A,0,100,0,Paracheilinus octotaenia,1,20
Dinka,1,S,10,A,0,100,0,Pinguipedidae spp.,1,1
Dinka,1,S,10,A,0,100,0,Plagiotremus spp.,1,1
Dinka,1,S,10,A,0,100,0,Pomacentrus trichrourus,4,41
Dinka,1,S,10,A,0,100,0,Pseudanthias squamipinnis,7,83
Dinka,1,S,10,A,0,100,0,Pseudocheilinus hexataenia,1,1
Dinka,1,S,10,A,0,100,0,Pseudochromis spp.,3,3
Dinka,1,S,10,A,0,100,0,Rhinecanthus assasi,1,1
Dinka,1,S,10,A,0,100,0,Scaridae spp.,1,1
Dinka,1,S,10,A,0,100,0,Siganus spp.,1,1
Dinka,1,S,10,A,0,100,0,Synodontidae spp.,1,1
Dinka,1,S,10,A,0,100,0,Thalassoma rueppellii,5,5
Dinka,1,S,10,A,0,100,0,Zebrasoma xanthurum,1,1
Dinka,1,S,10,A,0,100,0,"Zebrasoma xanthurum 
",2,3
Dinka,2,C,10,B,0,80,20,Acanthurus nigrofuscus,1,1
Dinka,2,C,10,B,0,80,20,Apogon spp.,1,2
Dinka,2,C,10,B,0,80,20,Centropyge multispinis,1,1
Dinka,2,C,10,B,0,80,20,Chromis dimidiata,2,6
Dinka,2,C,10,B,0,80,20,Ecsenius gravieri,1,1
Dinka,2,C,10,B,0,80,20,Goat fish,2,5
Dinka,2,C,10,B,0,80,20,Larabicus quadrilineatus,1,2
Dinka,2,C,10,B,0,80,20,Ostracion cubicus,1,1
Dinka,2,C,10,B,0,80,20,Pseudochromis spp.,2,3
Dinka,2,C,10,B,0,80,20,Siganus spp.,2,3
Dinka,2,C,10,B,0,80,20,Syngnathidae spp.,2,4
Dinka,2,C,10,B,0,80,20,Thalassoma lunare,2,2
Dinka,2,C,10,B,0,80,20,Zebrasoma xanthurum,1,2
Zoe,1,C,2,A,50,50,0,Arothron spp.,1,2
Zoe,1,C,2,A,50,50,0,Bodianus axillaris,1,1
Zoe,1,C,2,A,50,50,0,Cephalopholis argus,1,1
Zoe,1,C,2,A,50,50,0,Chaetodon fasciatus,1,1
Zoe,1,C,2,A,50,50,0,Chaetodon paucifasciatus,2,4
Zoe,1,C,2,A,50,50,0,Chaetodon trifascialis,1,1
Zoe,1,C,2,A,50,50,0,Chromis viridis,2,30
Zoe,1,C,2,A,50,50,0,Coris aygula,1,1
Zoe,1,C,2,A,50,50,0,Ctenochaetus striatus,3,9
Zoe,1,C,2,A,50,50,0,Dascyllus marginatus,3,7
Zoe,1,C,2,A,50,50,0,Ecsenius gravieri,1,1
Zoe,1,C,2,A,50,50,0,Epinephelus fasciatus,3,3
Zoe,1,C,2,A,50,50,0,Goat fish,1,1
Zoe,1,C,2,A,50,50,0,Gomphosus caeruleus,2,3
Zoe,1,C,2,A,50,50,0,Lethrinus spp,1,1
Zoe,1,C,2,A,50,50,0,Muraenidae spp.,1,1
Zoe,1,C,2,A,50,50,0,Ostracion cyanurus,1,1
Zoe,1,C,2,A,50,50,0,Plagiotremus spp.,3,4
Zoe,1,C,2,A,50,50,0,Pomacentrus trichrourus,3,6
Zoe,1,C,2,A,50,50,0,Pseudochromis spp.,1,1
Zoe,1,C,2,A,50,50,0,Scaridae spp.,1,2
Zoe,1,C,2,A,50,50,0,Siganus spp.,1,1
Zoe,1,C,2,A,50,50,0,Sufflamen albicaudatum,1,1
Zoe,1,C,2,A,50,50,0,Thalassoma rueppellii,2,2
Zoe,1,C,2,A,50,50,0,Variola louti,1,1
Zoe,1,C,2,A,50,50,0,Zebrasoma xanthurum,3,9
Zoe,1,N,2,A,30,66,0,Acanthurus nigrofuscus,1,2
Zoe,1,N,2,A,30,66,0,Amphiprion bicinctus,1,1
Zoe,1,N,2,A,30,66,0,Chaetodon fasciatus,1,1
Zoe,1,N,2,A,30,66,0,Cheilinus trilobatus,1,1
Zoe,1,N,2,A,30,66,0,Ctenochaetus striatus,3,14
Zoe,1,N,2,A,30,66,0,Plagiotremus spp.,1,3
Zoe,1,N,2,A,30,66,0,Scaridae spp.,2,2
Zoe,1,N,2,A,30,66,0,Siganus spp.,1,1
Zoe,1,N,2,A,30,66,0,Thalassoma rueppellii,1,1
Zoe,1,N,2,A,30,66,0,Zebrasoma xanthurum,4,7
Zoe,1,N,2,B,50,50,0,Abudefduf spp.,1,10
Zoe,1,N,2,B,50,50,0,Acanthurus nigrofuscus,1,1
Zoe,1,N,2,B,50,50,0,Chaetodon paucifasciatus,1,2
Zoe,1,N,2,B,50,50,0,Ctenochaetus striatus,2,3
Zoe,1,N,2,B,50,50,0,Epinephelus fasciatus,1,1
Zoe,1,N,2,B,50,50,0,Goat fish,1,1
Zoe,1,N,2,B,50,50,0,Pomacentrus trichrourus,1,1
Zoe,1,N,2,B,50,50,0,Siganus spp.,2,18
Zoe,1,N,2,B,50,50,0,Thalassoma rueppellii,5,7
Zoe,1,N,2,B,50,50,0,Zebrasoma xanthurum,2,5
Zoe,2,S,2,A,60,0,40,Acanthurus nigrofuscus,1,1
Zoe,2,S,2,A,60,0,40,Amphiprion bicinctus,1,2
Zoe,2,S,2,A,60,0,40,Chaetodon paucifasciatus,4,4
Zoe,2,S,2,A,60,0,40,Chromis dimidiata,1,2
Zoe,2,S,2,A,60,0,40,Chromis viridis,2,65
Zoe,2,S,2,A,60,0,40,Ctenochaetus striatus,1,1
Zoe,2,S,2,A,60,0,40,Dascyllus marginatus,5,55
Zoe,2,S,2,A,60,0,40,Epinephelus fasciatus,2,2
Zoe,2,S,2,A,60,0,40,Goat fish,4,6
Zoe,2,S,2,A,60,0,40,Gomphosus caeruleus,1,1
Zoe,2,S,2,A,60,0,40,Larabicus quadrilineatus,1,1
Zoe,2,S,2,A,60,0,40,Lethrinus spp,1,1
Zoe,2,S,2,A,60,0,40,Pomacentrus trichrourus,3,7
Zoe,2,S,2,A,60,0,40,Pseudochromis spp.,1,1
Zoe,2,S,2,A,60,0,40,Sufflamen albicaudatum,1,1
Zoe,2,S,2,A,60,0,40,Thalassoma lunare,1,1
Zoe,2,S,2,A,60,0,40,Thalassoma rueppellii,1,2
Zoe,2,S,2,A,60,0,40,Zebrasoma veliferum,2,2
Zoe,2,S,2,A,60,0,40,Zebrasoma xanthurum,2,2
Zoe,2,S,2,B,40,20,20,Abudefduf spp.,1,1
Zoe,2,S,2,B,40,20,20,Arothron spp.,1,1
Zoe,2,S,2,B,40,20,20,Centropyge multispinis,1,1
Zoe,2,S,2,B,40,20,20,Chaetodon fasciatus,2,3
Zoe,2,S,2,B,40,20,20,Chaetodon paucifasciatus,1,2
Zoe,2,S,2,B,40,20,20,Cheilinus lunulatus,1,1
Zoe,2,S,2,B,40,20,20,Chromis viridis,3,70
Zoe,2,S,2,B,40,20,20,Coris aygula,1,1
Zoe,2,S,2,B,40,20,20,Ctenochaetus striatus,1,2
Zoe,2,S,2,B,40,20,20,Dascyllus marginatus,6,75
Zoe,2,S,2,B,40,20,20,Epinephelus fasciatus,2,2
Zoe,2,S,2,B,40,20,20,Goat fish,2,4
Zoe,2,S,2,B,40,20,20,Lethrinus spp,1,1
Zoe,2,S,2,B,40,20,20,Ostracion cyanurus,1,1
Zoe,2,S,2,B,40,20,20,Pomacentrus trichrourus,2,4
Zoe,2,S,2,B,40,20,20,Pseudanthias squamipinnis,2,13
Zoe,2,S,2,B,40,20,20,Pseudochromis spp.,2,3
Zoe,2,S,2,B,40,20,20,Rhinecanthus assasi,1,1
Zoe,2,S,2,B,40,20,20,Scaridae spp.,2,2
Zoe,2,S,2,B,40,20,20,Siganus spp.,1,3
Zoe,2,S,2,B,40,20,20,Sphyraena barracuda,1,1
Zoe,2,S,2,B,40,20,20,Sufflamen albicaudatum,2,2
Zoe,2,S,2,B,40,20,20,Thalassoma rueppellii,5,7
Zoe,2,S,2,B,40,20,20,Zebrasoma veliferum,2,3
Zoe,2,S,2,B,40,20,20,Zebrasoma xanthurum,3,6
Tripod,1,S,5,A,40,20,40,Acanthurus nigrofuscus,2,6
Tripod,1,S,5,A,40,20,40,Bodianus anthioides,1,3
Tripod,1,S,5,A,40,20,40,Cephalopholis hemistiktos,1,1
Tripod,1,S,5,A,40,20,40,Chaetodon fasciatus,1,2
Tripod,1,S,5,A,40,20,40,Chaetodon melannotus,1,2
Tripod,1,S,5,A,40,20,40,Chaetodon paucifasciatus,2,4
Tripod,1,S,5,A,40,20,40,Dascyllus aruanus,1,2
Tripod,1,S,5,A,40,20,40,Dascyllus marginatus,1,2
Tripod,1,S,5,A,40,20,40,Goat fish,1,2
Tripod,1,S,5,A,40,20,40,Neoglyphidodon melas,1,3
Tripod,1,S,5,A,40,20,40,Paracheilinus octotaenia,1,1
Tripod,1,S,5,A,40,20,40,Plagiotremus spp.,1,2
Tripod,1,S,5,A,40,20,40,Pomacentrus trichrourus,1,15
Tripod,1,S,5,A,40,20,40,Pseudanthias squamipinnis,1,9
Tripod,1,S,5,A,40,20,40,Thalassoma rueppellii,1,2
Tripod,1,S,5,A,40,20,40,Zebrasoma xanthurum,1,5
Tripod,1,S,5,B,40,20,40,Acanthurus nigrofuscus,1,4
Tripod,1,S,5,B,40,20,40,Amphiprion bicinctus,1,2
Tripod,1,S,5,B,40,20,40,Apogon spp.,1,1
Tripod,1,S,5,B,40,20,40,Arothron spp.,1,1
Tripod,1,S,5,B,40,20,40,Bodianus anthioides,2,11
Tripod,1,S,5,B,40,20,40,Chaetodon paucifasciatus,2,5
Tripod,1,S,5,B,40,20,40,Chromis dimidiata,2,12
Tripod,1,S,5,B,40,20,40,Chromis viridis,1,15
Tripod,1,S,5,B,40,20,40,Coris aygula,1,1
Tripod,1,S,5,B,40,20,40,Dascyllus marginatus,2,11
Tripod,1,S,5,B,40,20,40,Goat fish,1,2
Tripod,1,S,5,B,40,20,40,Heniochus intermedius,1,2
Tripod,1,S,5,B,40,20,40,Paracheilinus octotaenia,1,1
Tripod,1,S,5,B,40,20,40,Pseudanthias squamipinnis,1,10
Tripod,1,S,5,B,40,20,40,Scaridae spp.,1,1
Tripod,1,S,5,B,40,20,40,Sufflamen albicaudatum,2,2
Tripod,1,S,5,B,40,20,40,Synodontidae spp.,1,1
Tripod,1,S,5,B,40,20,40,Thalassoma lunare,1,1
Tripod,1,S,5,B,40,20,40,Thalassoma rueppellii,1,2
Tripod,1,S,5,B,40,20,40,Zebrasoma veliferum,2,2
Tripod,1,S,5,B,40,20,40,Zebrasoma xanthurum,2,6
Tripod,2,C,5,A,60,20,20,Acanthurus nigrofuscus,1,2
Tripod,2,C,5,A,60,20,20,Chaetodon melannotus,1,2
Tripod,2,C,5,A,60,20,20,Chaetodon paucifasciatus,1,2
Tripod,2,C,5,A,60,20,20,Chaetodon trifascialis,1,2
Tripod,2,C,5,A,60,20,20,Chromis viridis,1,48
Tripod,2,C,5,A,60,20,20,Dascyllus marginatus,1,8
Tripod,2,C,5,A,60,20,20,Goat fish,2,2
Tripod,2,C,5,A,60,20,20,Larabicus quadrilineatus,1,1
Tripod,2,C,5,A,60,20,20,Ostracion cubicus,1,1
Tripod,2,C,5,A,60,20,20,Pomacentrus trichrourus,1,5
Tripod,2,C,5,A,60,20,20,Pseudanthias squamipinnis,1,28
Tripod,2,C,5,A,60,20,20,Pseudocheilinus hexataenia,1,1
Tripod,2,C,5,A,60,20,20,Scaridae spp.,1,1
Tripod,2,C,5,A,60,20,20,Scolopsis ghanam,1,1
Tripod,2,C,5,A,60,20,20,Sufflamen albicaudatum,1,1
Tripod,2,C,5,A,60,20,20,Synodontidae spp.,1,1
Tripod,2,C,5,A,60,20,20,Thalassoma rueppellii,2,3
Tripod,2,C,5,A,60,20,20,Zebrasoma veliferum,1,5
Tripod,2,C,5,A,60,20,20,Zebrasoma xanthurum,2,5
Tripod,2,C,5,B,60,20,20,Acanthurus nigrofuscus,2,4
Tripod,2,C,5,B,60,20,20,Amphiprion bicinctus,1,2
Tripod,2,C,5,B,60,20,20,Apolemichthys xanthotis,1,1
Tripod,2,C,5,B,60,20,20,Chaetodon fasciatus,1,1
Tripod,2,C,5,B,60,20,20,Chaetodon melannotus,1,3
Tripod,2,C,5,B,60,20,20,Chaetodon paucifasciatus,2,4
Tripod,2,C,5,B,60,20,20,Chromis viridis,2,26
Tripod,2,C,5,B,60,20,20,Ctenochaetus striatus,1,3
Tripod,2,C,5,B,60,20,20,Dascyllus marginatus,2,21
Tripod,2,C,5,B,60,20,20,Paracheilinus octotaenia,1,4
Tripod,2,C,5,B,60,20,20,Pomacentrus trichrourus,2,9
Tripod,2,C,5,B,60,20,20,Pseudanthias squamipinnis,2,23
Tripod,2,C,5,B,60,20,20,Scaridae spp.,2,2
Tripod,2,C,5,B,60,20,20,Siganus spp.,1,2
Tripod,2,C,5,B,60,20,20,Thalassoma rueppellii,1,1
Tripod,2,C,5,B,60,20,20,Zebrasoma veliferum,1,1
Leo,1,N,10,A,17,33,50,Acanthurus nigrofuscus,1,2
Leo,1,N,10,A,17,33,50,Amphiprion bicinctus,1,0
Leo,1,N,10,A,17,33,50,Cephalopholis miniata,2,2
Leo,1,N,10,A,17,33,50,Chaetodon austriacus,1,1
Leo,1,N,10,A,17,33,50,Chaetodon paucifasciatus,1,3
Leo,1,N,10,A,17,33,50,Ctenochaetus striatus,1,1
Leo,1,N,10,A,17,33,50,Dascyllus marginatus,3,17
Leo,1,N,10,A,17,33,50,Ecsenius gravieri,1,1
Leo,1,N,10,A,17,33,50,Goat fish,2,7
Leo,1,N,10,A,17,33,50,Gomphosus caeruleus,1,1
Leo,1,N,10,A,17,33,50,Neopomacentrus miryae,1,10
Leo,1,N,10,A,17,33,50,Ostracion cubicus,1,1
Leo,1,N,10,A,17,33,50,Paracheilinus octotaenia,1,150
Leo,1,N,10,A,17,33,50,Pinguipedidae spp.,1,1
Leo,1,N,10,A,17,33,50,Pomacentrus trichrourus,3,100
Leo,1,N,10,A,17,33,50,Pseudanthias squamipinnis,3,300
Leo,1,N,10,A,17,33,50,Pseudocheilinus hexataenia,1,2
Leo,1,N,10,A,17,33,50,Pseudochromis spp.,1,2
Leo,1,N,10,A,17,33,50,Scaridae spp.,2,3
Leo,1,N,10,A,17,33,50,Sufflamen albicaudatum,1,1
Leo,1,N,10,A,17,33,50,Syngnathidae spp.,1,1
Leo,1,N,10,A,17,33,50,Synodontidae spp.,1,2
Leo,1,N,10,A,17,33,50,Thalassoma rueppellii,1,2
Leo,1,N,10,A,17,33,50,Variola louti,1,1
Leo,1,N,10,B,17,33,50,Amphiprion bicinctus,2,3
Leo,1,N,10,B,17,33,50,Bodianus anthioides,2,3
Leo,1,N,10,B,17,33,50,Cephalopholis miniata,1,1
Leo,1,N,10,B,17,33,50,Chaetodon austriacus,2,2
Leo,1,N,10,B,17,33,50,Chaetodon fasciatus,1,1
Leo,1,N,10,B,17,33,50,Chaetodon paucifasciatus,1,1
Leo,1,N,10,B,17,33,50,Cheilodipterus spp.,1,5
Leo,1,N,10,B,17,33,50,Chromis viridis,1,20
Leo,1,N,10,B,17,33,50,Ctenochaetus striatus,2,2
Leo,1,N,10,B,17,33,50,Dascyllus marginatus,1,20
Leo,1,N,10,B,17,33,50,Goat fish,2,3
Leo,1,N,10,B,17,33,50,Larabicus quadrilineatus,1,1
Leo,1,N,10,B,17,33,50,Neopomacentrus miryae,2,60
Leo,1,N,10,B,17,33,50,Paracheilinus octotaenia,2,60
Leo,1,N,10,B,17,33,50,Pomacentrus trichrourus,2,40
Leo,1,N,10,B,17,33,50,Pseudanthias squamipinnis,2,130
Leo,1,N,10,B,17,33,50,Scaridae spp.,2,2
Leo,1,N,10,B,17,33,50,Siganus spp.,1,1
Leo,1,N,10,B,17,33,50,Sufflamen albicaudatum,2,2
Leo,1,N,10,B,17,33,50,Synanceia verrucosa,1,1
Leo,1,N,10,B,17,33,50,Synodontidae spp.,1,2
Leo,1,N,10,B,17,33,50,Thalassoma rueppellii,1,1
Leo,1,N,10,B,17,33,50,Zebrasoma veliferum,1,1
Leo,1,N,10,B,17,33,50,Zebrasoma xanthurum,1,1
Leo,2,S,10,A,17,50,33,Acanthurus nigrofuscus,1,1
Leo,2,S,10,A,17,50,33,Amphiprion bicinctus,1,1
Leo,2,S,10,A,17,50,33,Bodianus anthioides,1,2
Leo,2,S,10,A,17,50,33,Centropyge multispinis,1,1
Leo,2,S,10,A,17,50,33,Cephalopholis hemistiktos,1,1
Leo,2,S,10,A,17,50,33,Chaetodon auriga,1,1
Leo,2,S,10,A,17,50,33,Chaetodon paucifasciatus,2,4
Leo,2,S,10,A,17,50,33,Coris aygula,1,1
Leo,2,S,10,A,17,50,33,Ctenochaetus striatus,1,1
Leo,2,S,10,A,17,50,33,Dascyllus aruanus,1,5
Leo,2,S,10,A,17,50,33,Dascyllus marginatus,1,20
Leo,2,S,10,A,17,50,33,Dascyllus trimaculatus,1,1
Leo,2,S,10,A,17,50,33,Goat fish,2,8
Leo,2,S,10,A,17,50,33,Neopomacentrus miryae,2,60
Leo,2,S,10,A,17,50,33,Ostracion cubicus,1,1
Leo,2,S,10,A,17,50,33,Paracheilinus octotaenia,1,20
Leo,2,S,10,A,17,50,33,Pinguipedidae spp.,1,1
Leo,2,S,10,A,17,50,33,Pomacentrus trichrourus,2,30
Leo,2,S,10,A,17,50,33,Pseudanthias squamipinnis,1,50
Leo,2,S,10,A,17,50,33,Pseudocheilinus hexataenia,1,10
Leo,2,S,10,A,17,50,33,Scaridae spp.,3,9
Leo,2,S,10,A,17,50,33,Siganus spp.,1,2
Leo,2,S,10,A,17,50,33,Sufflamen albicaudatum,1,1
Leo,2,S,10,A,17,50,33,Zebrasoma xanthurum,3,15
Leo,2,S,10,B,17,50,33,Bodianus anthioides,1,2
Leo,2,S,10,B,17,50,33,Centropyge multispinis,1,1
Leo,2,S,10,B,17,50,33,Cephalopholis hemistiktos,1,1
Leo,2,S,10,B,17,50,33,Chaetodon austriacus,1,2
Leo,2,S,10,B,17,50,33,Chaetodon paucifasciatus,1,2
Leo,2,S,10,B,17,50,33,Chromis viridis,1,130
Leo,2,S,10,B,17,50,33,Dascyllus aruanus,1,1
Leo,2,S,10,B,17,50,33,Dascyllus marginatus,2,50
Leo,2,S,10,B,17,50,33,Diodon spp.,1,1
Leo,2,S,10,B,17,50,33,Epinephelus fasciatus,1,2
Leo,2,S,10,B,17,50,33,Goat fish,2,5
Leo,2,S,10,B,17,50,33,Heniochus intermedius,1,2
Leo,2,S,10,B,17,50,33,Lethrinus spp,1,2
Leo,2,S,10,B,17,50,33,Paracheilinus octotaenia,1,15
Leo,2,S,10,B,17,50,33,Pomacanthus imperator,1,1
Leo,2,S,10,B,17,50,33,Pomacentrus trichrourus,1,20
Leo,2,S,10,B,17,50,33,Pseudanthias squamipinnis,1,100
Leo,2,S,10,B,17,50,33,Scaridae spp.,1,2
Leo,2,S,10,B,17,50,33,Variola louti,1,1
Leo,2,S,10,B,17,50,33,Zebrasoma xanthurum,2,3
Nala,1,S,10,A,0,100,0,Bodianus anthioides,1,1
Nala,1,S,10,A,0,100,0,Chaetodon fasciatus,1,1
Nala,1,S,10,A,0,100,0,Chaetodon paucifasciatus,2,4
Nala,1,S,10,A,0,100,0,Chromis viridis,1,40
Nala,1,S,10,A,0,100,0,Ctenochaetus striatus,1,1
Nala,1,S,10,A,0,100,0,Dascyllus aruanus,1,1
Nala,1,S,10,A,0,100,0,Dascyllus marginatus,1,1
Nala,1,S,10,A,0,100,0,Goat fish,1,1
Nala,1,S,10,A,0,100,0,Lethrinus spp,1,1
Nala,1,S,10,A,0,100,0,Paracheilinus octotaenia,1,3
Nala,1,S,10,A,0,100,0,Pomacentrus trichrourus,3,16
Nala,1,S,10,A,0,100,0,Pseudanthias squamipinnis,4,115
Nala,1,S,10,A,0,100,0,Siganus spp.,3,3
Nala,1,S,10,A,0,100,0,Thalassoma rueppellii,2,2
Nala,1,S,10,A,0,100,0,Zebrasoma xanthurum,3,4
Nala,1,S,10,B,0,100,0,Acanthurus nigrofuscus,1,1
Nala,1,S,10,B,0,100,0,Amblyglyphidodon leucogaster,1,3
Nala,1,S,10,B,0,100,0,Amphiprion bicinctus,1,1
Nala,1,S,10,B,0,100,0,Bodianus anthioides,2,2
Nala,1,S,10,B,0,100,0,Centropyge multispinis,1,1
Nala,1,S,10,B,0,100,0,Chaetodon paucifasciatus,5,7
Nala,1,S,10,B,0,100,0,Chromis dimidiata,1,1
Nala,1,S,10,B,0,100,0,Ctenochaetus striatus,1,1
Nala,1,S,10,B,0,100,0,Dascyllus marginatus,6,44
Nala,1,S,10,B,0,100,0,Goat fish,2,2
Nala,1,S,10,B,0,100,0,Paracheilinus octotaenia,2,15
Nala,1,S,10,B,0,100,0,Pomacentrus trichrourus,5,55
Nala,1,S,10,B,0,100,0,Pseudanthias squamipinnis,1,20
Nala,1,S,10,B,0,100,0,Scaridae spp.,2,4
Nala,1,S,10,B,0,100,0,Thalassoma rueppellii,3,3
Nala,2,C,10,A,20,80,0,Aluterus scriptus,1,2
Nala,2,C,10,A,20,80,0,Amphiprion bicinctus,2,3
Nala,2,C,10,A,20,80,0,Cantherhines pardalis,1,1
Nala,2,C,10,A,20,80,0,Dascyllus marginatus,2,22
Nala,2,C,10,A,20,80,0,Lethrinus spp,1,1
Nala,2,C,10,A,20,80,0,Paracheilinus octotaenia,3,23
Nala,2,C,10,A,20,80,0,Pomacanthus imperator,1,1
Nala,2,C,10,A,20,80,0,Pseudanthias squamipinnis,2,14
Nala,2,C,10,A,20,80,0,Pseudochromis spp.,1,1
Nala,2,C,10,A,20,80,0,Scaridae spp.,2,5
Nala,2,C,10,A,20,80,0,Zebrasoma xanthurum,3,4
Nala,2,C,10,B,0,80,20,Acanthurus nigrofuscus,3,3
Nala,2,C,10,B,0,80,20,Amblyglyphidodon leucogaster,1,2
Nala,2,C,10,B,0,80,20,Amphiprion bicinctus,1,2
Nala,2,C,10,B,0,80,20,Anampses meleagrides,1,1
Nala,2,C,10,B,0,80,20,Bodianus anthioides,1,1
Nala,2,C,10,B,0,80,20,Caesio spp.,2,7
Nala,2,C,10,B,0,80,20,Cephalopholis hemistiktos,1,1
Nala,2,C,10,B,0,80,20,Chaetodon auriga,1,2
Nala,2,C,10,B,0,80,20,Chaetodon paucifasciatus,1,2
Nala,2,C,10,B,0,80,20,Chromis dimidiata,1,1
Nala,2,C,10,B,0,80,20,Ctenochaetus striatus,2,2
Nala,2,C,10,B,0,80,20,Dascyllus aruanus,1,1
Nala,2,C,10,B,0,80,20,Dascyllus marginatus,1,2
Nala,2,C,10,B,0,80,20,Dascyllus trimaculatus,1,1
Nala,2,C,10,B,0,80,20,Goat fish,1,2
Nala,2,C,10,B,0,80,20,Paracheilinus octotaenia,2,120
Nala,2,C,10,B,0,80,20,Pomacentrus trichrourus,3,110
Nala,2,C,10,B,0,80,20,Pseudanthias squamipinnis,1,40
Nala,2,C,10,B,0,80,20,Scaridae spp.,2,2
Nala,2,C,10,B,0,80,20,Siganus luridus,2,3
Nala,2,C,10,B,0,80,20,Sufflamen albicaudatum,1,1
Nala,2,C,10,B,0,80,20,Thalassoma rueppellii,1,1
Nala,2,C,10,B,0,80,20,Variola louti,1,1
Nala,2,C,10,B,0,80,20,Zebrasoma veliferum,1,2
Nala,2,C,10,B,0,80,20,Zebrasoma xanthurum,2,3
Olaf,1,C,2,A,50,50,0,Abudefduf spp.,1,1
Olaf,1,C,2,A,50,50,0,Chaetodon fasciatus,1,2
Olaf,1,C,2,A,50,50,0,Chaetodon paucifasciatus,1,2
Olaf,1,C,2,A,50,50,0,Chaetodon trifascialis,1,2
Olaf,1,C,2,A,50,50,0,Chromis viridis,1,10
Olaf,1,C,2,A,50,50,0,Dascyllus marginatus,1,8
Olaf,1,C,2,A,50,50,0,Goat fish,1,1
Olaf,1,C,2,A,50,50,0,Ostracion cubicus,1,1
Olaf,1,C,2,A,50,50,0,Pomacentrus trichrourus,3,3
Olaf,1,C,2,A,50,50,0,Rhinecanthus assasi,1,1
Olaf,1,C,2,A,50,50,0,Scaridae spp.,1,1
Olaf,1,C,2,A,50,50,0,Siganus spp.,1,1
Olaf,1,C,2,A,50,50,0,Sufflamen albicaudatum,1,1
Olaf,1,C,2,A,50,50,0,Synodontidae spp.,1,1
Olaf,1,C,2,A,50,50,0,Thalassoma rueppellii,3,3
Olaf,1,C,2,A,50,50,0,Zebrasoma xanthurum,3,3
Olaf,1,S,2,A,50,20,30,Abudefduf spp.,5,16
Olaf,1,S,2,A,50,20,30,Chaetodon austriacus,1,2
Olaf,1,S,2,A,50,20,30,Chaetodon paucifasciatus,2,4
Olaf,1,S,2,A,50,20,30,Cheilodipterus spp.,1,1
Olaf,1,S,2,A,50,20,30,Chromis viridis,2,19
Olaf,1,S,2,A,50,20,30,Coris aygula,2,2
Olaf,1,S,2,A,50,20,30,Dascyllus marginatus,5,25
Olaf,1,S,2,A,50,20,30,Pomacentrus trichrourus,1,1
Olaf,1,S,2,A,50,20,30,Pseudochromis spp.,1,2
Olaf,1,S,2,A,50,20,30,Rhinecanthus assasi,1,1
Olaf,1,S,2,A,50,20,30,Siganus spp.,2,3
Olaf,1,S,2,A,50,20,30,Sufflamen albicaudatum,2,2
Olaf,1,S,2,A,50,20,30,Thalassoma rueppellii,2,2
Olaf,1,S,2,A,50,20,30,Zebrasoma xanthurum,5,10
Olaf,1,S,2,B,50,20,30,Abudefduf spp.,1,2
Olaf,1,S,2,B,50,20,30,Bodianus anthioides,1,1
Olaf,1,S,2,B,50,20,30,Centropyge multispinis,1,1
Olaf,1,S,2,B,50,20,30,Chaetodon austriacus,1,2
Olaf,1,S,2,B,50,20,30,Chaetodon fasciatus,1,1
Olaf,1,S,2,B,50,20,30,Chaetodon paucifasciatus,1,1
Olaf,1,S,2,B,50,20,30,Chromis dimidiata,1,1
Olaf,1,S,2,B,50,20,30,Chromis viridis,2,9
Olaf,1,S,2,B,50,20,30,Dascyllus marginatus,3,16
Olaf,1,S,2,B,50,20,30,Fistularia commersonii,1,1
Olaf,1,S,2,B,50,20,30,Goat fish,1,2
Olaf,1,S,2,B,50,20,30,Gomphosus caeruleus,1,1
Olaf,1,S,2,B,50,20,30,Pomacentrus trichrourus,2,2
Olaf,1,S,2,B,50,20,30,Siganus spp.,4,8
Olaf,1,S,2,B,50,20,30,Thalassoma rueppellii,3,3
Olaf,1,S,2,B,50,20,30,Zebrasoma xanthurum,1,1
Olaf,2,S,2,A,40,0,60,Acanthurus nigrofuscus,1,2
Olaf,2,S,2,A,40,0,60,Chaetodon austriacus,1,4
Olaf,2,S,2,A,40,0,60,Chaetodon paucifasciatus,3,4
Olaf,2,S,2,A,40,0,60,Chromis viridis,6,122
Olaf,2,S,2,A,40,0,60,Ctenochaetus striatus,1,1
Olaf,2,S,2,A,40,0,60,Dascyllus marginatus,1,6
Olaf,2,S,2,A,40,0,60,Gomphosus caeruleus,1,1
Olaf,2,S,2,A,40,0,60,Lethrinus spp,1,1
Olaf,2,S,2,A,40,0,60,Pomacentrus trichrourus,5,6
Olaf,2,S,2,A,40,0,60,Scaridae spp.,1,1
Olaf,2,S,2,A,40,0,60,Scolopsis ghanam,1,1
Olaf,2,S,2,A,40,0,60,Siganus spp.,2,3
Olaf,2,S,2,A,40,0,60,Thalassoma rueppellii,2,3
Olaf,2,S,2,A,40,0,60,Zebrasoma xanthurum,5,7
Olaf,2,S,2,B,60,20,20,Amphiprion bicinctus,1,2
Olaf,2,S,2,B,60,20,20,Bodianus anthioides,1,1
Olaf,2,S,2,B,60,20,20,Chaetodon fasciatus,1,1
Olaf,2,S,2,B,60,20,20,Chaetodon paucifasciatus,2,4
Olaf,2,S,2,B,60,20,20,Cheilinus lunulatus,1,1
Olaf,2,S,2,B,60,20,20,Chromis viridis,8,76
Olaf,2,S,2,B,60,20,20,Ctenochaetus striatus,1,1
Olaf,2,S,2,B,60,20,20,Dascyllus marginatus,2,16
Olaf,2,S,2,B,60,20,20,Epinephelus fasciatus,1,1
Olaf,2,S,2,B,60,20,20,Goat fish,1,2
Olaf,2,S,2,B,60,20,20,Gomphosus caeruleus,1,1
Olaf,2,S,2,B,60,20,20,Lethrinus spp,3,6
Olaf,2,S,2,B,60,20,20,Ostracion cubicus,1,1
Olaf,2,S,2,B,60,20,20,Ostracion cyanurus,1,1
Olaf,2,S,2,B,60,20,20,Pomacentrus trichrourus,3,4
Olaf,2,S,2,B,60,20,20,Scolopsis ghanam,1,1
Olaf,2,S,2,B,60,20,20,Siganus spp.,5,6
Olaf,2,S,2,B,60,20,20,Sphyraena barracuda,1,1
Olaf,2,S,2,B,60,20,20,Sufflamen albicaudatum,3,3
Olaf,2,S,2,B,60,20,20,Thalassoma rueppellii,5,5
Olaf,2,S,2,B,60,20,20,Zebrasoma xanthurum,5,9
Toffee,1,N,5,A,5,70,25,Acanthurus nigrofuscus,2,4
Toffee,1,N,5,A,5,70,25,Amblyglyphidodon leucogaster,1,10
Toffee,1,N,5,A,5,70,25,Apolemichthys xanthotis,1,1
Toffee,1,N,5,A,5,70,25,Bodianus anthioides,1,1
Toffee,1,N,5,A,5,70,25,Centropyge multispinis,2,2
Toffee,1,N,5,A,5,70,25,Cephalopholis argus,1,1
Toffee,1,N,5,A,5,70,25,Cephalopholis miniata,1,1
Toffee,1,N,5,A,5,70,25,Chaetodon paucifasciatus,1,2
Toffee,1,N,5,A,5,70,25,Cheilinus trilobatus,1,1
Toffee,1,N,5,A,5,70,25,Cheilodipterus spp.,1,2
Toffee,1,N,5,A,5,70,25,Chromis viridis,1,15
Toffee,1,N,5,A,5,70,25,Coris aygula,1,1
Toffee,1,N,5,A,5,70,25,Ctenochaetus striatus,1,1
Toffee,1,N,5,A,5,70,25,Dascyllus aruanus,1,1
Toffee,1,N,5,A,5,70,25,Dascyllus marginatus,6,131
Toffee,1,N,5,A,5,70,25,Ecsenius gravieri,1,1
Toffee,1,N,5,A,5,70,25,Epinephelus fasciatus,1,1
Toffee,1,N,5,A,5,70,25,Goat fish,2,5
Toffee,1,N,5,A,5,70,25,Labroides dimidiatus,1,1
Toffee,1,N,5,A,5,70,25,Lethrinus spp,1,1
Toffee,1,N,5,A,5,70,25,Pomacentrus trichrourus,4,11
Toffee,1,N,5,A,5,70,25,Pseudanthias squamipinnis,3,100
Toffee,1,N,5,A,5,70,25,Pseudocheilinus hexataenia,2,4
Toffee,1,N,5,A,5,70,25,Pseudochromis olivaceus,1,2
Toffee,1,N,5,A,5,70,25,Scaridae spp.,1,1
Toffee,1,N,5,A,5,70,25,Sufflamen albicaudatum,1,2
Toffee,1,N,5,A,5,70,25,Synodontidae spp.,1,1
Toffee,1,N,5,A,5,70,25,Thalassoma rueppellii,5,9
Toffee,1,N,5,A,5,70,25,Zebrasoma veliferum,1,1
Toffee,1,N,5,A,5,70,25,Zebrasoma xanthurum,2,3
Toffee,1,N,5,B,2,8,90,Apolemichthys xanthotis,2,6
Toffee,1,N,5,B,2,8,90,Arothron spp.,2,2
Toffee,1,N,5,B,2,8,90,Chaetodon auriga,1,2
Toffee,1,N,5,B,2,8,90,Cheilinus lunulatus,1,1
Toffee,1,N,5,B,2,8,90,Cheilinus trilobatus,1,1
Toffee,1,N,5,B,2,8,90,Dascyllus marginatus,4,33
Toffee,1,N,5,B,2,8,90,Epinephelus fasciatus,2,5
Toffee,1,N,5,B,2,8,90,Goat fish,6,12
Toffee,1,N,5,B,2,8,90,Muraenidae spp.,1,1
Toffee,1,N,5,B,2,8,90,Ostracion cyanurus,1,2
Toffee,1,N,5,B,2,8,90,Plagiotremus spp.,1,1
Toffee,1,N,5,B,2,8,90,Pomacanthus imperator,1,1
Toffee,1,N,5,B,2,8,90,Pseudanthias squamipinnis,2,55
Toffee,1,N,5,B,2,8,90,Pseudochromis olivaceus,1,1
Toffee,1,N,5,B,2,8,90,Scaridae spp.,1,2
Toffee,1,N,5,B,2,8,90,Siganus spp.,1,1
Toffee,1,N,5,B,2,8,90,Sufflamen albicaudatum,2,2
Toffee,1,N,5,B,2,8,90,Synodontidae spp.,2,4
Toffee,1,N,5,B,2,8,90,Zebrasoma xanthurum,3,5
Toffee,2,S,5,A,20,75,5,Acanthurus nigrofuscus,2,4
Toffee,2,S,5,A,20,75,5,Apolemichthys xanthotis,1,1
Toffee,2,S,5,A,20,75,5,Bodianus anthioides,2,4
Toffee,2,S,5,A,20,75,5,Centropyge multispinis,2,5
Toffee,2,S,5,A,20,75,5,Cephalopholis hemistiktos,2,2
Toffee,2,S,5,A,20,75,5,Chaetodon austriacus,1,2
Toffee,2,S,5,A,20,75,5,Chaetodon fasciatus,1,4
Toffee,2,S,5,A,20,75,5,Chaetodon melannotus,1,1
Toffee,2,S,5,A,20,75,5,Chaetodon paucifasciatus,1,5
Toffee,2,S,5,A,20,75,5,Chaetodon trifascialis,2,3
Toffee,2,S,5,A,20,75,5,Cheilinus lunulatus,1,1
Toffee,2,S,5,A,20,75,5,Cheilinus trilobatus,1,1
Toffee,2,S,5,A,20,75,5,Chromis dimidiata,1,2
Toffee,2,S,5,A,20,75,5,Chromis viridis,1,10
Toffee,2,S,5,A,20,75,5,Coris aygula,1,1
Toffee,2,S,5,A,20,75,5,Ctenochaetus striatus,3,4
Toffee,2,S,5,A,20,75,5,Dascyllus aruanus,1,1
Toffee,2,S,5,A,20,75,5,Dascyllus marginatus,2,60
Toffee,2,S,5,A,20,75,5,Epinephelus fasciatus,3,3
Toffee,2,S,5,A,20,75,5,Goat fish,3,12
Toffee,2,S,5,A,20,75,5,Gomphosus caeruleus,1,1
Toffee,2,S,5,A,20,75,5,Lethrinus spp,1,1
Toffee,2,S,5,A,20,75,5,Ostracion cyanurus,1,1
Toffee,2,S,5,A,20,75,5,Paracheilinus octotaenia,1,20
Toffee,2,S,5,A,20,75,5,Pinguipedidae spp.,1,1
Toffee,2,S,5,A,20,75,5,Pomacanthus imperator,1,1
Toffee,2,S,5,A,20,75,5,Pomacentrus trichrourus,4,25
Toffee,2,S,5,A,20,75,5,Pseudanthias squamipinnis,2,42
Toffee,2,S,5,A,20,75,5,Pseudochromis olivaceus,1,3
Toffee,2,S,5,A,20,75,5,Pseudochromis spp.,1,1
Toffee,2,S,5,A,20,75,5,Scaridae spp.,3,4
Toffee,2,S,5,A,20,75,5,Siganus spp.,1,1
Toffee,2,S,5,A,20,75,5,Sufflamen albicaudatum,2,2
Toffee,2,S,5,A,20,75,5,Syngnathidae spp.,1,1
Toffee,2,S,5,A,20,75,5,Synodontidae spp.,1,2
Toffee,2,S,5,A,20,75,5,Thalassoma rueppellii,2,4
Toffee,2,S,5,A,20,75,5,Variola louti,1,1
Toffee,2,S,5,A,20,75,5,Zebrasoma xanthurum,3,5
Toffee,2,S,5,B,10,60,30,Amphiprion bicinctus,1,2
Toffee,2,S,5,B,10,60,30,Bodianus anthioides,2,2
Toffee,2,S,5,B,10,60,30,Caesio spp.,1,100
Toffee,2,S,5,B,10,60,30,Centropyge multispinis,1,1
Toffee,2,S,5,B,10,60,30,Cephalopholis hemistiktos,3,5
Toffee,2,S,5,B,10,60,30,Cephalopholis miniata,3,3
Toffee,2,S,5,B,10,60,30,Chaetodon fasciatus,1,1
Toffee,2,S,5,B,10,60,30,Chaetodon melannotus,1,1
Toffee,2,S,5,B,10,60,30,Chaetodon paucifasciatus,1,2
Toffee,2,S,5,B,10,60,30,Cheilinus lunulatus,1,1
Toffee,2,S,5,B,10,60,30,Cheilinus trilobatus,1,1
Toffee,2,S,5,B,10,60,30,Chromis dimidiata,1,1
Toffee,2,S,5,B,10,60,30,Chromis viridis,3,55
Toffee,2,S,5,B,10,60,30,Coris aygula,1,1
Toffee,2,S,5,B,10,60,30,Ctenochaetus striatus,1,5
Toffee,2,S,5,B,10,60,30,Dascyllus aruanus,1,6
Toffee,2,S,5,B,10,60,30,Dascyllus marginatus,5,80
Toffee,2,S,5,B,10,60,30,Dascyllus trimaculatus,1,1
Toffee,2,S,5,B,10,60,30,Ecsenius gravieri,1,1
Toffee,2,S,5,B,10,60,30,Goat fish,3,6
Toffee,2,S,5,B,10,60,30,Gomphosus caeruleus,1,1
Toffee,2,S,5,B,10,60,30,Heniochus intermedius,1,2
Toffee,2,S,5,B,10,60,30,Labroides dimidiatus,1,1
Toffee,2,S,5,B,10,60,30,Lethrinus spp,3,6
Toffee,2,S,5,B,10,60,30,Ostracion cubicus,1,1
Toffee,2,S,5,B,10,60,30,Pinguipedidae spp.,5,5
Toffee,2,S,5,B,10,60,30,Plagiotremus spp.,1,1
Toffee,2,S,5,B,10,60,30,Pomacentrus trichrourus,3,15
Toffee,2,S,5,B,10,60,30,Pseudanthias squamipinnis,2,120
Toffee,2,S,5,B,10,60,30,Pseudocheilinus hexataenia,1,1
Toffee,2,S,5,B,10,60,30,Pseudochromis olivaceus,1,1
Toffee,2,S,5,B,10,60,30,Pseudochromis spp.,1,2
Toffee,2,S,5,B,10,60,30,Pterois radiata,2,2
Toffee,2,S,5,B,10,60,30,Rhinecanthus assasi,1,1
Toffee,2,S,5,B,10,60,30,Scaridae spp.,1,1
Toffee,2,S,5,B,10,60,30,Siganus spp.,1,2
Toffee,2,S,5,B,10,60,30,Sufflamen albicaudatum,1,1
Toffee,2,S,5,B,10,60,30,Thalassoma rueppellii,3,7
Noonie,1,S,5,A,40,20,40,Acanthurus nigrofuscus,1,1
Noonie,1,S,5,A,40,20,40,Bodianus anthioides,1,5
Noonie,1,S,5,A,40,20,40,Cephalopholis hemistiktos,1,1
Noonie,1,S,5,A,40,20,40,Chaetodon paucifasciatus,1,2
Noonie,1,S,5,A,40,20,40,Chromis viridis,1,10
Noonie,1,S,5,A,40,20,40,Dascyllus aruanus,1,15
Noonie,1,S,5,A,40,20,40,Dascyllus marginatus,1,10
Noonie,1,S,5,A,40,20,40,Dascyllus trimaculatus,1,10
Noonie,1,S,5,A,40,20,40,Diodon spp.,1,1
Noonie,1,S,5,A,40,20,40,Lethrinus spp,1,1
Noonie,1,S,5,A,40,20,40,Neopomacentrus miryae,1,10
Noonie,1,S,5,A,40,20,40,Scaridae spp.,1,4
Noonie,1,S,5,A,40,20,40,Variola louti,1,1
Noonie,1,S,5,A,40,20,40,Zebrasoma xanthurum,2,8
Noonie,1,S,5,B,40,20,40,Acanthurus nigrofuscus,1,3
Noonie,1,S,5,B,40,20,40,Arothron spp.,1,1
Noonie,1,S,5,B,40,20,40,Cephalopholis hemistiktos,1,1
Noonie,1,S,5,B,40,20,40,Chaetodon paucifasciatus,1,2
Noonie,1,S,5,B,40,20,40,Chromis dimidiata,1,30
Noonie,1,S,5,B,40,20,40,Chromis viridis,1,30
Noonie,1,S,5,B,40,20,40,Dascyllus trimaculatus,2,19
Noonie,1,S,5,B,40,20,40,Ostracion cubicus,1,1
Noonie,1,S,5,B,40,20,40,Pseudanthias squamipinnis,3,35
Noonie,1,S,5,B,40,20,40,Pterois miles,1,1
Noonie,1,S,5,B,40,20,40,Scaridae spp.,2,4
Noonie,1,S,5,B,40,20,40,Siganus spp.,1,3
Noonie,1,S,5,B,40,20,40,Sufflamen albicaudatum,1,1
Noonie,1,S,5,B,40,20,40,Synodontidae spp.,2,2
Noonie,1,S,5,B,40,20,40,Thalassoma rueppellii,1,2
Noonie,1,S,5,B,40,20,40,Zebrasoma veliferum,2,5
Noonie,1,S,5,B,40,20,40,Zebrasoma xanthurum,2,7
Noonie,2,C,5,A,60,20,20,Acanthurus nigrofuscus,1,2
Noonie,2,C,5,A,60,20,20,Arothron spp.,1,1
Noonie,2,C,5,A,60,20,20,Chaetodon auriga,1,2
Noonie,2,C,5,A,60,20,20,Chaetodon melannotus,1,5
Noonie,2,C,5,A,60,20,20,Chromis viridis,1,20
Noonie,2,C,5,A,60,20,20,Dascyllus marginatus,1,20
Noonie,2,C,5,A,60,20,20,Goat fish,1,5
Noonie,2,C,5,A,60,20,20,Labroides dimidiatus,1,1
Noonie,2,C,5,A,60,20,20,Ostracion cubicus,1,1
Noonie,2,C,5,A,60,20,20,Pomacentrus trichrourus,1,20
Noonie,2,C,5,A,60,20,20,Pseudanthias squamipinnis,1,20
Noonie,2,C,5,A,60,20,20,Scaridae spp.,1,2
Noonie,2,C,5,A,60,20,20,Siganus spp.,1,3
Noonie,2,C,5,A,60,20,20,Thalassoma rueppellii,2,4
Noonie,2,C,5,A,60,20,20,Zebrasoma xanthurum,1,3
Noonie,2,C,5,B,60,20,20,Acanthurus nigrofuscus,1,3
Noonie,2,C,5,B,60,20,20,Aluterus scriptus,1,1
Noonie,2,C,5,B,60,20,20,Amphiprion bicinctus,1,2
Noonie,2,C,5,B,60,20,20,Apolemichthys xanthotis,1,2
Noonie,2,C,5,B,60,20,20,Chaetodon paucifasciatus,1,2
Noonie,2,C,5,B,60,20,20,Chromis viridis,1,9
Noonie,2,C,5,B,60,20,20,Dascyllus marginatus,1,10
Noonie,2,C,5,B,60,20,20,Lethrinus spp,1,2
Noonie,2,C,5,B,60,20,20,Pomacentrus trichrourus,1,9
Noonie,2,C,5,B,60,20,20,Scaridae spp.,1,3
Noonie,2,C,5,B,60,20,20,Siganus spp.,1,4
Noonie,2,C,5,B,60,20,20,Synodontidae spp.,1,3
Noonie,2,C,5,B,60,20,20,Zebrasoma veliferum,1,2
Noonie,2,C,5,B,60,20,20,Zebrasoma xanthurum,2,8
Foo,1,S,20,A,50,0,50,Amphiprion bicinctus,1,1
Foo,1,S,20,A,50,0,50,Apogon spp.,1,1
Foo,1,S,20,A,50,0,50,Apolemichthys xanthotis,1,3
Foo,1,S,20,A,50,0,50,Bodianus anthioides,1,0
Foo,1,S,20,A,50,0,50,Centropyge multispinis,1,1
Foo,1,S,20,A,50,0,50,Cheilodipterus spp.,1,1
Foo,1,S,20,A,50,0,50,Ecsenius gravieri,3,2
Foo,1,S,20,A,50,0,50,Grammistes sexlineatus,2,3
Foo,1,S,20,A,50,0,50,Larabicus quadrilineatus,1,1
Foo,1,S,20,A,50,0,50,Neopomacentrus miryae,5,26
Foo,1,S,20,A,50,0,50,Pomacentrus trichrourus,4,20
Foo,1,S,20,A,50,0,50,Pseudanthias squamipinnis,2,30
Foo,1,S,20,A,50,0,50,Pseudochromis olivaceus,1,1
Foo,1,S,20,A,50,0,50,Pseudochromis spp.,1,1
Foo,1,S,20,A,50,0,50,Pterois miles,1,1
Foo,1,S,20,A,50,0,50,Pterois radiata,1,0
Foo,1,S,20,A,50,0,50,Sufflamen albicaudatum,1,1
Foo,1,S,20,A,50,0,50,Synodontidae spp.,3,3
Foo,1,S,20,B,50,0,50,Amphiprion bicinctus,1,1
Foo,1,S,20,B,50,0,50,Apolemichthys xanthotis,2,1
Foo,1,S,20,B,50,0,50,Canthigaster margaritata,1,0
Foo,1,S,20,B,50,0,50,Chaetodon paucifasciatus,2,2
Foo,1,S,20,B,50,0,50,Dascyllus trimaculatus,1,17
Foo,1,S,20,B,50,0,50,Frog fish,1,0
Foo,1,S,20,B,50,0,50,Larabicus quadrilineatus,2,1
Foo,1,S,20,B,50,0,50,Neopomacentrus miryae,6,23
Foo,1,S,20,B,50,0,50,Pomacentrus trichrourus,3,47
Foo,1,S,20,B,50,0,50,Pseudanthias squamipinnis,1,2
Foo,1,S,20,B,50,0,50,Pseudochromis spp.,4,1
Foo,1,S,20,B,50,0,50,Rhinecanthus assasi,2,2
Foo,1,S,20,B,50,0,50,Variola louti,1,4
Foo,2,N,20,A,0,0,100,Blenniidae spp.,1,1
Foo,2,N,20,A,0,0,100,Canthigaster margaritata,4,8
Foo,2,N,20,A,0,0,100,Dascyllus trimaculatus,2,1
Foo,2,N,20,A,0,0,100,Goat fish,1,4
Foo,2,N,20,A,0,0,100,Neopomacentrus miryae,1,5
Foo,2,N,20,A,0,0,100,Scaridae spp.,1,7
Foo,2,N,20,B,20,0,80,Acanthurus nigrofuscus,1,2
Foo,2,N,20,B,20,0,80,Amphiprion bicinctus,1,2
Foo,2,N,20,B,20,0,80,Blenniidae spp.,1,0
Foo,2,N,20,B,20,0,80,Cheilinus trilobatus,1,2
Foo,2,N,20,B,20,0,80,Chromis viridis,1,0
Foo,2,N,20,B,20,0,80,Diodon spp.,1,0
Foo,2,N,20,B,20,0,80,Goat fish,1,1
Foo,2,N,20,B,20,0,80,Neopomacentrus miryae,1,0
Foo,2,N,20,B,20,0,80,Pseudanthias squamipinnis,1,12
Foo,2,N,20,B,20,0,80,Scaridae spp.,2,2
Foo,2,N,20,B,20,0,80,Sufflamen albicaudatum,1,5
Rita,1,C,5,A,66.7,0,33.3,Amblyglyphidodon leucogaster,1,2
Rita,1,C,5,A,66.7,0,33.3,Amphiprion bicinctus,2,9
Rita,1,C,5,A,66.7,0,33.3,Apolemichthys xanthotis,2,3
Rita,1,C,5,A,66.7,0,33.3,Chaetodon paucifasciatus,1,2
Rita,1,C,5,A,66.7,0,33.3,Cheilinus trilobatus,1,3
Rita,1,C,5,A,66.7,0,33.3,Chromis viridis,2,2
Rita,1,C,5,A,66.7,0,33.3,Dascyllus marginatus,6,6.5
Rita,1,C,5,A,66.7,0,33.3,Ecsenius gravieri,1,0.5
Rita,1,C,5,A,66.7,0,33.3,Epinephelus fasciatus,3,15
Rita,1,C,5,A,66.7,0,33.3,Goat fish,2,4
Rita,1,C,5,A,66.7,0,33.3,Gomphosus caeruleus,1,2
Rita,1,C,5,A,66.7,0,33.3,Larabicus quadrilineatus,1,3
Rita,1,C,5,A,66.7,0,33.3,Ostracion cyanurus,1,3
Rita,1,C,5,A,66.7,0,33.3,Paracheilinus octotaenia,1,1
Rita,1,C,5,A,66.7,0,33.3,Pomacentrus trichrourus,4,3.5
Rita,1,C,5,A,66.7,0,33.3,Pseudanthias squamipinnis,4,7
Rita,1,C,5,A,66.7,0,33.3,Pseudocheilinus hexataenia,1,2
Rita,1,C,5,A,66.7,0,33.3,Pterois miles,1,0
Rita,1,C,5,A,66.7,0,33.3,Scaridae spp.,2,4
Rita,1,C,5,A,66.7,0,33.3,Siganus spp.,1,1
Rita,1,C,5,A,66.7,0,33.3,Sufflamen albicaudatum,1,5
Rita,1,C,5,A,66.7,0,33.3,Thalassoma rueppellii,1,2
Rita,1,C,5,A,66.7,0,33.3,Variola louti,2,4
Rita,1,C,5,A,66.7,0,33.3,Zebrasoma xanthurum,2,5
Rita,1,C,5,B,33.4,33.3,33.3,Acanthurus nigrofuscus,5,15
Rita,1,C,5,B,33.4,33.3,33.3,Amphiprion bicinctus,2,8
Rita,1,C,5,B,33.4,33.3,33.3,Arothron spp.,1,3
Rita,1,C,5,B,33.4,33.3,33.3,Caesio spp.,1,10
Rita,1,C,5,B,33.4,33.3,33.3,Chaetodon paucifasciatus,1,0
Rita,1,C,5,B,33.4,33.3,33.3,Chromis dimidiata,1,3
Rita,1,C,5,B,33.4,33.3,33.3,Chromis viridis,2,3
Rita,1,C,5,B,33.4,33.3,33.3,Ctenochaetus striatus,2,11
Rita,1,C,5,B,33.4,33.3,33.3,Dascyllus aruanus,1,5
Rita,1,C,5,B,33.4,33.3,33.3,Dascyllus marginatus,7,26
Rita,1,C,5,B,33.4,33.3,33.3,Dascyllus trimaculatus,1,7
Rita,1,C,5,B,33.4,33.3,33.3,Ecsenius gravieri,1,5
Rita,1,C,5,B,33.4,33.3,33.3,Epinephelus fasciatus,2,3
Rita,1,C,5,B,33.4,33.3,33.3,Goat fish,1,1
Rita,1,C,5,B,33.4,33.3,33.3,Lethrinus spp,1,0
Rita,1,C,5,B,33.4,33.3,33.3,Muraenidae spp.,1,1
Rita,1,C,5,B,33.4,33.3,33.3,Pinguipedidae spp.,2,6
Rita,1,C,5,B,33.4,33.3,33.3,Plagiotremus spp.,1,1
Rita,1,C,5,B,33.4,33.3,33.3,Pomacentrus trichrourus,3,14
Rita,1,C,5,B,33.4,33.3,33.3,Pseudanthias squamipinnis,2,8
Rita,1,C,5,B,33.4,33.3,33.3,Pseudocheilinus hexataenia,3,4
Rita,1,C,5,B,33.4,33.3,33.3,Pterois radiata,1,0
Rita,1,C,5,B,33.4,33.3,33.3,Scaridae spp.,1,0
Rita,1,C,5,B,33.4,33.3,33.3,Siganus spp.,1,0
Rita,1,C,5,B,33.4,33.3,33.3,Sufflamen albicaudatum,2,10
Rita,1,C,5,B,33.4,33.3,33.3,Thalassoma rueppellii,4,23
Rita,1,C,5,B,33.4,33.3,33.3,Zebrasoma xanthurum,5,25
Rita,2,N,5,A,50,33.3,16.7,Acanthurus nigrofuscus,2,6
Rita,2,N,5,A,50,33.3,16.7,Bodianus anthioides,2,12
Rita,2,N,5,A,50,33.3,16.7,Chaetodon paucifasciatus,2,9
Rita,2,N,5,A,50,33.3,16.7,Dascyllus marginatus,8,22
Rita,2,N,5,A,50,33.3,16.7,Dascyllus trimaculatus,4,9
Rita,2,N,5,A,50,33.3,16.7,Ecsenius gravieri,1,3
Rita,2,N,5,A,50,33.3,16.7,Epinephelus fasciatus,2,7
Rita,2,N,5,A,50,33.3,16.7,Goat fish,11,46
Rita,2,N,5,A,50,33.3,16.7,Muraenidae spp.,2,1
Rita,2,N,5,A,50,33.3,16.7,Plagiotremus spp.,1,2
Rita,2,N,5,A,50,33.3,16.7,Pomacentrus trichrourus,3,6
Rita,2,N,5,A,50,33.3,16.7,Pseudanthias squamipinnis,3,10
Rita,2,N,5,A,50,33.3,16.7,Pseudocheilinus hexataenia,1,3
Rita,2,N,5,A,50,33.3,16.7,Scaridae spp.,1,1
Rita,2,N,5,A,50,33.3,16.7,Sufflamen albicaudatum,3,17
Rita,2,N,5,A,50,33.3,16.7,Thalassoma rueppellii,4,13
Rita,2,N,5,A,50,33.3,16.7,Zebrasoma xanthurum,3,12
Rita,2,N,5,B,50,33.3,16.7,Acanthurus nigrofuscus,3,9
Rita,2,N,5,B,50,33.3,16.7,Amblyglyphidodon leucogaster,3,7
Rita,2,N,5,B,50,33.3,16.7,Amphiprion bicinctus,2,10
Rita,2,N,5,B,50,33.3,16.7,Apogon spp.,1,8
Rita,2,N,5,B,50,33.3,16.7,Apolemichthys xanthotis,1,10
Rita,2,N,5,B,50,33.3,16.7,Bodianus anthioides,2,10
Rita,2,N,5,B,50,33.3,16.7,Centropyge multispinis,2,1
Rita,2,N,5,B,50,33.3,16.7,Cephalopholis miniata,1,10
Rita,2,N,5,B,50,33.3,16.7,Chaetodon fasciatus,1,6
Rita,2,N,5,B,50,33.3,16.7,Chaetodon melannotus,3,21
Rita,2,N,5,B,50,33.3,16.7,Chaetodon paucifasciatus,3,7
Rita,2,N,5,B,50,33.3,16.7,Cheilinus trilobatus,1,1
Rita,2,N,5,B,50,33.3,16.7,Chromis viridis,3,17
Rita,2,N,5,B,50,33.3,16.7,Ctenochaetus striatus,1,7
Rita,2,N,5,B,50,33.3,16.7,Dascyllus marginatus,9,13
Rita,2,N,5,B,50,33.3,16.7,Ecsenius gravieri,1,8
Rita,2,N,5,B,50,33.3,16.7,Epinephelus fasciatus,1,0
Rita,2,N,5,B,50,33.3,16.7,Goat fish,2,1
Rita,2,N,5,B,50,33.3,16.7,Gomphosus caeruleus,1,1
Rita,2,N,5,B,50,33.3,16.7,Grammistes sexlineatus,1,8
Rita,2,N,5,B,50,33.3,16.7,Heniochus intermedius,1,5
Rita,2,N,5,B,50,33.3,16.7,Larabicus quadrilineatus,1,8
Rita,2,N,5,B,50,33.3,16.7,Lethrinus spp,1,5
Rita,2,N,5,B,50,33.3,16.7,Neopomacentrus miryae,1,7
Rita,2,N,5,B,50,33.3,16.7,Ostracion cubicus,1,4
Rita,2,N,5,B,50,33.3,16.7,Paracheilinus octotaenia,5,22
Rita,2,N,5,B,50,33.3,16.7,Plagiotremus spp.,2,8
Rita,2,N,5,B,50,33.3,16.7,Pomacentrus trichrourus,7,32
Rita,2,N,5,B,50,33.3,16.7,Pseudanthias squamipinnis,5,21
Rita,2,N,5,B,50,33.3,16.7,Pseudocheilinus hexataenia,3,2
Rita,2,N,5,B,50,33.3,16.7,Pterois miles,1,0
Rita,2,N,5,B,50,33.3,16.7,Scaridae spp.,5,18
Rita,2,N,5,B,50,33.3,16.7,Sufflamen albicaudatum,2,2
Rita,2,N,5,B,50,33.3,16.7,Thalassoma lunare,1,3
Rita,2,N,5,B,50,33.3,16.7,Thalassoma rueppellii,2,10
Rita,2,N,5,B,50,33.3,16.7,Zebrasoma xanthurum,6,19
Tyson,1,C,10,A,80,20,0,Apolemichthys xanthotis,2,2
Tyson,1,C,10,A,80,20,0,Chaetodon paucifasciatus,2,3
Tyson,1,C,10,A,80,20,0,Dascyllus marginatus,1,20
Tyson,1,C,10,A,80,20,0,Epinephelus fasciatus,1,1
Tyson,1,C,10,A,80,20,0,Goat fish,1,2
Tyson,1,C,10,A,80,20,0,Gomphosus caeruleus,1,1
Tyson,1,C,10,A,80,20,0,Pomacentrus trichrourus,4,34
Tyson,1,C,10,A,80,20,0,Pseudanthias squamipinnis,2,25
Tyson,1,C,10,A,80,20,0,Pseudocheilinus hexataenia,1,10
Tyson,1,C,10,A,80,20,0,Scaridae spp.,1,1
Tyson,1,C,10,A,80,20,0,Sufflamen albicaudatum,1,1
Tyson,1,C,10,A,80,20,0,Thalassoma rueppellii,3,4
Tyson,1,C,10,A,80,20,0,Variola louti,1,1
Tyson,1,C,10,A,80,20,0,Zebrasoma xanthurum,2,3
Tyson,1,C,10,B,80,20,0,Acanthurus nigrofuscus,3,3
Tyson,1,C,10,B,80,20,0,Amphiprion bicinctus,1,2
Tyson,1,C,10,B,80,20,0,Bodianus anthioides,2,2
Tyson,1,C,10,B,80,20,0,Caesio spp.,1,7
Tyson,1,C,10,B,80,20,0,Cephalopholis miniata,3,3
Tyson,1,C,10,B,80,20,0,Chaetodon austriacus,1,2
Tyson,1,C,10,B,80,20,0,Chromis dimidiata,1,3
Tyson,1,C,10,B,80,20,0,Dascyllus marginatus,4,12
Tyson,1,C,10,B,80,20,0,Dascyllus trimaculatus,2,4
Tyson,1,C,10,B,80,20,0,Ecsenius gravieri,3,3
Tyson,1,C,10,B,80,20,0,Fistularia commersonii,1,1
Tyson,1,C,10,B,80,20,0,Goat fish,1,1
Tyson,1,C,10,B,80,20,0,Heniochus intermedius,1,2
Tyson,1,C,10,B,80,20,0,Lethrinus spp,1,1
Tyson,1,C,10,B,80,20,0,Muraenidae spp.,1,1
Tyson,1,C,10,B,80,20,0,Pomacentrus trichrourus,3,9
Tyson,1,C,10,B,80,20,0,Pseudanthias squamipinnis,3,110
Tyson,1,C,10,B,80,20,0,Sargocentron spp.,1,1
Tyson,1,C,10,B,80,20,0,Scaridae spp.,2,3
Tyson,1,C,10,B,80,20,0,Sufflamen albicaudatum,2,2
Tyson,1,C,10,B,80,20,0,Thalassoma lunare,2,2
Tyson,1,C,10,B,80,20,0,Thalassoma rueppellii,2,3
Tyson,1,C,10,B,80,20,0,Zebrasoma xanthurum,3,3
Tyson,2,N,10,A,10,0,90,Acanthurus nigrofuscus,1,1
Tyson,2,N,10,A,10,0,90,Amblyglyphidodon leucogaster,1,10
Tyson,2,N,10,A,10,0,90,Amphiprion bicinctus,1,2
Tyson,2,N,10,A,10,0,90,Bodianus anthioides,1,1
Tyson,2,N,10,A,10,0,90,Caesio spp.,1,20
Tyson,2,N,10,A,10,0,90,Chaetodon austriacus,2,3
Tyson,2,N,10,A,10,0,90,Chaetodon paucifasciatus,1,2
Tyson,2,N,10,A,10,0,90,Chromis dimidiata,1,2
Tyson,2,N,10,A,10,0,90,Chromis viridis,1,10
Tyson,2,N,10,A,10,0,90,Ctenochaetus striatus,1,1
Tyson,2,N,10,A,10,0,90,Dascyllus marginatus,5,49
Tyson,2,N,10,A,10,0,90,Ecsenius gravieri,1,1
Tyson,2,N,10,A,10,0,90,Epinephelus fasciatus,4,4
Tyson,2,N,10,A,10,0,90,Goat fish,4,5
Tyson,2,N,10,A,10,0,90,Heniochus intermedius,1,2
Tyson,2,N,10,A,10,0,90,Lethrinus spp,2,2
Tyson,2,N,10,A,10,0,90,Pomacentrus trichrourus,2,9
Tyson,2,N,10,A,10,0,90,Pseudanthias squamipinnis,1,50
Tyson,2,N,10,A,10,0,90,Sargocentron spp.,1,1
Tyson,2,N,10,A,10,0,90,Scaridae spp.,2,2
Tyson,2,N,10,A,10,0,90,Scolopsis ghanam,1,1
Tyson,2,N,10,A,10,0,90,Sufflamen albicaudatum,2,2
Tyson,2,N,10,A,10,0,90,Synodontidae spp.,2,2
Tyson,2,N,10,A,10,0,90,Thalassoma lunare,1,1
Tyson,2,N,10,A,10,0,90,Thalassoma rueppellii,1,1
Tyson,2,N,10,A,10,0,90,Zebrasoma xanthurum,2,3
Tyson,2,N,10,B,10,0,90,Chaetodon auriga,1,2
Tyson,2,N,10,B,10,0,90,Dascyllus aruanus,1,1
Tyson,2,N,10,B,10,0,90,Dascyllus marginatus,1,4
Tyson,2,N,10,B,10,0,90,Epinephelus fasciatus,1,1
Tyson,2,N,10,B,10,0,90,Goat fish,1,8
Tyson,2,N,10,B,10,0,90,Paracheilinus octotaenia,1,2
Tyson,2,N,10,B,10,0,90,Scaridae spp.,3,3
Tyson,2,N,10,B,10,0,90,Siganus spp.,1,2
Tyson,2,N,10,B,10,0,90,Sufflamen albicaudatum,3,3
Tyson,2,N,10,B,10,0,90,Zebrasoma xanthurum,1,2
Tetrix,1,N,5,A,5,70,25,Acanthurus nigrofuscus,3,5
Tetrix,1,N,5,A,5,70,25,Bodianus anthioides,1,1
Tetrix,1,N,5,A,5,70,25,Chaetodon austriacus,1,1
Tetrix,1,N,5,A,5,70,25,Chaetodon paucifasciatus,1,3
Tetrix,1,N,5,A,5,70,25,Cheilinus lunulatus,1,1
Tetrix,1,N,5,A,5,70,25,Chromis viridis,1,10
Tetrix,1,N,5,A,5,70,25,Dascyllus marginatus,2,60
Tetrix,1,N,5,A,5,70,25,Epinephelus fasciatus,2,2
Tetrix,1,N,5,A,5,70,25,Goat fish,2,4
Tetrix,1,N,5,A,5,70,25,Pomacentrus trichrourus,3,10
Tetrix,1,N,5,A,5,70,25,Pseudanthias squamipinnis,1,15
Tetrix,1,N,5,A,5,70,25,Pseudocheilinus evanidus,1,9
Tetrix,1,N,5,A,5,70,25,Siganus spp.,1,1
Tetrix,1,N,5,A,5,70,25,Sufflamen albicaudatum,2,2
Tetrix,1,N,5,A,5,70,25,Thalassoma rueppellii,2,2
Tetrix,1,N,5,A,5,70,25,Zebrasoma xanthurum,2,2
Tetrix,1,N,5,B,2,8,90,Apolemichthys xanthotis,3,7
Tetrix,1,N,5,B,2,8,90,Chaetodon melannotus,1,2
Tetrix,1,N,5,B,2,8,90,Dascyllus marginatus,1,10
Tetrix,1,N,5,B,2,8,90,Epinephelus fasciatus,1,1
Tetrix,1,N,5,B,2,8,90,Goat fish,2,4
Tetrix,1,N,5,B,2,8,90,Ostracion cyanurus,1,1
Tetrix,1,N,5,B,2,8,90,Scaridae spp.,1,3
Tetrix,1,N,5,B,2,8,90,Siganus spp.,1,1
Tetrix,1,N,5,B,2,8,90,Sufflamen albicaudatum,2,3
Tetrix,1,N,5,B,2,8,90,Thalassoma rueppellii,1,1
Tetrix,1,N,5,B,2,8,90,Zebrasoma xanthurum,2,6
Tetrix,1,S,20,A,50,0,50,Arothron spp.,1,1
Tetrix,1,S,20,A,50,0,50,Chromis viridis,6,23
Tetrix,1,S,20,A,50,0,50,Larabicus quadrilineatus,1,1
Tetrix,1,S,20,A,50,0,50,Pseudanthias squamipinnis,1,1
Tetrix,1,S,20,A,50,0,50,Scaridae spp.,1,3
Tetrix,2,N,20,A,0,0,100,Arothron spp.,1,1
Tetrix,2,N,20,A,0,0,100,Neopomacentrus miryae,1,0
Tetrix,2,N,20,A,0,0,100,Ostracion cubicus,1,0
Tetrix,2,N,20,A,0,0,100,Pseudanthias squamipinnis,1,2
Tetrix,2,N,20,A,0,0,100,Sufflamen albicaudatum,1,3
Tetrix,2,N,20,A,0,0,100,Variola louti,1,1
Tetrix,2,S,5,A,20,75,5,Acanthurus nigrofuscus,1,1
Tetrix,2,S,5,A,20,75,5,Apolemichthys xanthotis,1,1
Tetrix,2,S,5,A,20,75,5,Bodianus anthioides,2,3
Tetrix,2,S,5,A,20,75,5,Chaetodon fasciatus,2,6
Tetrix,2,S,5,A,20,75,5,Chaetodon melannotus,1,1
Tetrix,2,S,5,A,20,75,5,Chaetodon paucifasciatus,2,3
Tetrix,2,S,5,A,20,75,5,Chromis viridis,1,40
Tetrix,2,S,5,A,20,75,5,Coris aygula,1,1
Tetrix,2,S,5,A,20,75,5,Ctenochaetus striatus,2,3
Tetrix,2,S,5,A,20,75,5,Dascyllus marginatus,2,18
Tetrix,2,S,5,A,20,75,5,Epinephelus fasciatus,1,1
Tetrix,2,S,5,A,20,75,5,Goat fish,4,8
Tetrix,2,S,5,A,20,75,5,Lethrinus spp,1,1
Tetrix,2,S,5,A,20,75,5,Pomacentrus trichrourus,2,18
Tetrix,2,S,5,A,20,75,5,Pseudanthias squamipinnis,3,30
Tetrix,2,S,5,A,20,75,5,Scaridae spp.,3,3
Tetrix,2,S,5,A,20,75,5,Sufflamen albicaudatum,1,1
Tetrix,2,S,5,A,20,75,5,Thalassoma rueppellii,3,3
Tetrix,2,S,5,A,20,75,5,Zebrasoma xanthurum,4,7
Tetrix,2,S,5,B,10,60,30,Acanthurus nigrofuscus,1,2
Tetrix,2,S,5,B,10,60,30,Amphiprion bicinctus,1,2
Tetrix,2,S,5,B,10,60,30,Apolemichthys xanthotis,1,3
Tetrix,2,S,5,B,10,60,30,Caesio spp.,1,60
Tetrix,2,S,5,B,10,60,30,Chaetodon auriga,1,2
Tetrix,2,S,5,B,10,60,30,Chaetodon fasciatus,1,2
Tetrix,2,S,5,B,10,60,30,Chaetodon paucifasciatus,2,4
Tetrix,2,S,5,B,10,60,30,Coris aygula,1,1
Tetrix,2,S,5,B,10,60,30,Dascyllus marginatus,1,20
Tetrix,2,S,5,B,10,60,30,Epinephelus fasciatus,2,15
Tetrix,2,S,5,B,10,60,30,Goat fish,1,3
Tetrix,2,S,5,B,10,60,30,Labroides dimidiatus,2,2
Tetrix,2,S,5,B,10,60,30,Ostracion cyanurus,1,1
Tetrix,2,S,5,B,10,60,30,Pomacentrus trichrourus,1,10
Tetrix,2,S,5,B,10,60,30,Pseudanthias squamipinnis,2,25
Tetrix,2,S,5,B,10,60,30,Rhinecanthus assasi,1,1
Tetrix,2,S,5,B,10,60,30,Thalassoma rueppellii,3,4
Tipotynto,1,S,20,A,75,25,0,Amphiprion bicinctus,1,2
Tipotynto,1,S,20,A,75,25,0,Cephalopholis hemistiktos,3,3
Tipotynto,1,S,20,A,75,25,0,Chaetodon paucifasciatus,1,1
Tipotynto,1,S,20,A,75,25,0,Dascyllus aruanus,1,1
Tipotynto,1,S,20,A,75,25,0,Dascyllus marginatus,6,82
Tipotynto,1,S,20,A,75,25,0,Ecsenius gravieri,2,2
Tipotynto,1,S,20,A,75,25,0,Goat fish,2,5
Tipotynto,1,S,20,A,75,25,0,Labroides dimidiatus,4,4
Tipotynto,1,S,20,A,75,25,0,Paracheilinus octotaenia,1,3
Tipotynto,1,S,20,A,75,25,0,Pomacentrus trichrourus,6,62
Tipotynto,1,S,20,A,75,25,0,Pseudanthias squamipinnis,2,142
Tipotynto,1,S,20,A,75,25,0,Pseudocheilinus hexataenia,6,63
Tipotynto,1,S,20,A,75,25,0,Syngnathidae spp.,2,3
Tipotynto,1,S,20,A,75,25,0,Zebrasoma xanthurum,1,1
Tipotynto,1,S,20,B,75,25,0,Caesio spp.,1,150
Tipotynto,1,S,20,B,75,25,0,Cephalopholis hemistiktos,1,2
Tipotynto,1,S,20,B,75,25,0,Chaetodon fasciatus,1,2
Tipotynto,1,S,20,B,75,25,0,Chaetodon paucifasciatus,2,4
Tipotynto,1,S,20,B,75,25,0,Chaetodon trifascialis,3,9
Tipotynto,1,S,20,B,75,25,0,Dascyllus marginatus,2,26
Tipotynto,1,S,20,B,75,25,0,Dascyllus trimaculatus,1,6
Tipotynto,1,S,20,B,75,25,0,Goat fish,1,1
Tipotynto,1,S,20,B,75,25,0,Labroides dimidiatus,1,1
Tipotynto,1,S,20,B,75,25,0,Lethrinus spp,1,3
Tipotynto,1,S,20,B,75,25,0,Pomacentrus sulfureus,1,1
Tipotynto,1,S,20,B,75,25,0,Pomacentrus trichrourus,1,12
Tipotynto,1,S,20,B,75,25,0,Pseudanthias squamipinnis,3,90
Tipotynto,1,S,20,B,75,25,0,Pseudocheilinus hexataenia,3,36
Tipotynto,1,S,20,B,75,25,0,Pseudochromis spp.,1,1
Tipotynto,1,S,20,B,75,25,0,Scaridae spp.,2,6
Tipotynto,1,S,20,B,75,25,0,Synodontidae spp.,1,4
Tipotynto,2,C,10,B,75,20,5,Acanthurus nigrofuscus,1,1
Tipotynto,2,C,10,B,75,20,5,Amblyglyphidodon leucogaster,1,1
Tipotynto,2,C,10,B,75,20,5,Apolemichthys xanthotis,3,3
Tipotynto,2,C,10,B,75,20,5,Arothron spp.,2,2
Tipotynto,2,C,10,B,75,20,5,Bodianus anthioides,3,4
Tipotynto,2,C,10,B,75,20,5,Cephalopholis argus,3,3
Tipotynto,2,C,10,B,75,20,5,Cephalopholis miniata,1,1
Tipotynto,2,C,10,B,75,20,5,Chaetodon fasciatus,1,2
Tipotynto,2,C,10,B,75,20,5,Chaetodon paucifasciatus,1,2
Tipotynto,2,C,10,B,75,20,5,Chromis dimidiata,2,10
Tipotynto,2,C,10,B,75,20,5,Ctenochaetus striatus,1,3
Tipotynto,2,C,10,B,75,20,5,Goat fish,4,6
Tipotynto,2,C,10,B,75,20,5,Labroides dimidiatus,1,1
Tipotynto,2,C,10,B,75,20,5,Lethrinus spp,1,1
Tipotynto,2,C,10,B,75,20,5,Paracheilinus octotaenia,3,15
Tipotynto,2,C,10,B,75,20,5,Pomacentrus trichrourus,4,90
Tipotynto,2,C,10,B,75,20,5,Pseudanthias squamipinnis,8,1040
Tipotynto,2,C,10,B,75,20,5,Pseudocheilinus hexataenia,1,8
Tipotynto,2,C,10,B,75,20,5,Pseudochromis spp.,1,1
Tipotynto,2,C,10,B,75,20,5,Scaridae spp.,1,3
Tipotynto,2,C,10,B,75,20,5,Siganus spp.,1,1
Tipotynto,2,C,10,B,75,20,5,Synodontidae spp.,1,1
Tipotynto,2,C,10,B,75,20,5,Thalassoma rueppellii,4,7
Tipotynto,2,C,10,B,75,20,5,Variola louti,1,1
Tipotynto,2,C,20,A,25,25,50,Amphiprion bicinctus,1,1
Tipotynto,2,C,20,A,25,25,50,Arothron spp.,1,1
Tipotynto,2,C,20,A,25,25,50,Chaetodon auriga,1,2
Tipotynto,2,C,20,A,25,25,50,Chaetodon trifascialis,1,2
Tipotynto,2,C,20,A,25,25,50,Ctenochaetus striatus,1,1
Tipotynto,2,C,20,A,25,25,50,Dascyllus marginatus,2,30
Tipotynto,2,C,20,A,25,25,50,Dascyllus trimaculatus,2,12
Tipotynto,2,C,20,A,25,25,50,Ecsenius gravieri,1,1
Tipotynto,2,C,20,A,25,25,50,Goat fish,4,11
Tipotynto,2,C,20,A,25,25,50,Ostracion cubicus,1,1
Tipotynto,2,C,20,A,25,25,50,Pomacentrus trichrourus,1,6
Tipotynto,2,C,20,A,25,25,50,Pseudanthias squamipinnis,3,506
Tipotynto,2,C,20,A,25,25,50,Pseudocheilinus evanidus,1,3
Tipotynto,2,C,20,A,25,25,50,Pseudochromis olivaceus,1,1
Tipotynto,2,C,20,A,25,25,50,Pseudochromis spp.,1,3
Tipotynto,2,C,20,A,25,25,50,Scaridae spp.,1,1
Tipotynto,2,C,20,A,25,25,50,Siganus spp.,1,1
Tipotynto,2,C,20,A,25,25,50,Sufflamen albicaudatum,1,1
Tipotynto,2,C,20,A,25,25,50,Syngnathidae spp.,3,4
Tipotynto,2,C,20,A,25,25,50,Synodontidae spp.,1,2
Tipotynto,2,C,20,A,25,25,50,Thalassoma rueppellii,1,1
Tipotynto,2,C,20,A,25,25,50,Zebrasoma xanthurum,1,1
Casey,1,N,10,A,17,33,50,Acanthurus nigrofuscus,1,2
Casey,1,N,10,A,17,33,50,Chaetodon paucifasciatus,1,3
Casey,1,N,10,A,17,33,50,Ctenochaetus striatus,1,1
Casey,1,N,10,A,17,33,50,Dascyllus marginatus,3,17
Casey,1,N,10,A,17,33,50,Ecsenius gravieri,1,1
Casey,1,N,10,A,17,33,50,Goat fish,2,7
Casey,1,N,10,A,17,33,50,Gomphosus caeruleus,1,1
Casey,1,N,10,A,17,33,50,Paracheilinus octotaenia,1,150
Casey,1,N,10,A,17,33,50,Pinguipedidae spp.,1,1
Casey,1,N,10,A,17,33,50,Pomacentrus trichrourus,3,100
Casey,1,N,10,A,17,33,50,Pseudanthias squamipinnis,3,300
Casey,1,N,10,A,17,33,50,Pseudocheilinus hexataenia,1,2
Casey,1,N,10,A,17,33,50,Pseudochromis spp.,1,2
Casey,1,N,10,A,17,33,50,Scaridae spp.,2,3
Casey,1,N,10,A,17,33,50,Sufflamen albicaudatum,1,1
Casey,1,N,10,A,17,33,50,Syngnathidae spp.,1,1
Casey,1,N,10,A,17,33,50,Synodontidae spp.,1,2
Casey,1,N,10,A,17,33,50,Thalassoma rueppellii,1,2
Casey,1,N,10,B,17,33,50,Amphiprion bicinctus,1,1
Casey,1,N,10,B,17,33,50,Apogon spp.,1,8
Casey,1,N,10,B,17,33,50,Bodianus anthioides,1,1
Casey,1,N,10,B,17,33,50,Cephalopholis miniata,2,2
Casey,1,N,10,B,17,33,50,Chaetodon austriacus,1,2
Casey,1,N,10,B,17,33,50,Chaetodon fasciatus,1,1
Casey,1,N,10,B,17,33,50,Cheilodipterus spp.,1,5
Casey,1,N,10,B,17,33,50,Chromis viridis,1,15
Casey,1,N,10,B,17,33,50,Ctenochaetus striatus,2,2
Casey,1,N,10,B,17,33,50,Dascyllus marginatus,2,57
Casey,1,N,10,B,17,33,50,Ecsenius gravieri,1,1
Casey,1,N,10,B,17,33,50,Fistularia commersonii,1,1
Casey,1,N,10,B,17,33,50,Goat fish,1,1
Casey,1,N,10,B,17,33,50,Neopomacentrus miryae,1,10
Casey,1,N,10,B,17,33,50,Ostracion cubicus,1,1
Casey,1,N,10,B,17,33,50,Paracheilinus octotaenia,2,60
Casey,1,N,10,B,17,33,50,Pomacentrus trichrourus,2,13
Casey,1,N,10,B,17,33,50,Pseudanthias squamipinnis,1,100
Casey,1,N,10,B,17,33,50,Scaridae spp.,3,3
Casey,1,N,10,B,17,33,50,Siganus spp.,1,1
Casey,1,N,10,B,17,33,50,Sufflamen albicaudatum,1,2
Casey,1,N,10,B,17,33,50,Thalassoma lunare,1,1
Casey,1,N,10,B,17,33,50,Zebrasoma veliferum,1,1
Casey,2,S,10,A,17,50,33,Acanthurus nigrofuscus,1,1
Casey,2,S,10,A,17,50,33,Amphiprion bicinctus,1,1
Casey,2,S,10,A,17,50,33,Bodianus anthioides,1,3
Casey,2,S,10,A,17,50,33,Centropyge multispinis,1,1
Casey,2,S,10,A,17,50,33,Cephalopholis hemistiktos,1,1
Casey,2,S,10,A,17,50,33,Chaetodon auriga,1,1
Casey,2,S,10,A,17,50,33,Chaetodon paucifasciatus,1,2
Casey,2,S,10,A,17,50,33,Cheilinus trilobatus,1,2
Casey,2,S,10,A,17,50,33,Ctenochaetus striatus,1,1
Casey,2,S,10,A,17,50,33,Dascyllus marginatus,2,32
Casey,2,S,10,A,17,50,33,Dascyllus trimaculatus,1,1
Casey,2,S,10,A,17,50,33,Goat fish,2,8
Casey,2,S,10,A,17,50,33,Ostracion cubicus,1,1
Casey,2,S,10,A,17,50,33,Paracheilinus octotaenia,1,30
Casey,2,S,10,A,17,50,33,Pinguipedidae spp.,1,1
Casey,2,S,10,A,17,50,33,Pomacentrus trichrourus,2,18
Casey,2,S,10,A,17,50,33,Pseudanthias squamipinnis,1,50
Casey,2,S,10,A,17,50,33,Pseudochromis spp.,1,1
Casey,2,S,10,A,17,50,33,Scaridae spp.,3,12
Casey,2,S,10,A,17,50,33,Siganus spp.,2,3
Casey,2,S,10,A,17,50,33,Sufflamen albicaudatum,1,1
Casey,2,S,10,A,17,50,33,Zebrasoma veliferum,1,1
Casey,2,S,10,A,17,50,33,Zebrasoma xanthurum,2,3
Casey,2,S,10,B,17,50,33,Amphiprion bicinctus,1,2
Casey,2,S,10,B,17,50,33,Apolemichthys xanthotis,1,1
Casey,2,S,10,B,17,50,33,Bodianus anthioides,1,1
Casey,2,S,10,B,17,50,33,Centropyge multispinis,1,1
Casey,2,S,10,B,17,50,33,Cephalopholis hemistiktos,1,1
Casey,2,S,10,B,17,50,33,Chaetodon austriacus,1,2
Casey,2,S,10,B,17,50,33,Chaetodon paucifasciatus,1,2
Casey,2,S,10,B,17,50,33,Chromis viridis,1,130
Casey,2,S,10,B,17,50,33,Dascyllus aruanus,1,1
Casey,2,S,10,B,17,50,33,Dascyllus Marginatus,2,35
Casey,2,S,10,B,17,50,33,Diodon spp.,1,1
Casey,2,S,10,B,17,50,33,Epinephelus fasciatus,1,2
Casey,2,S,10,B,17,50,33,Goat fish,2,4
Casey,2,S,10,B,17,50,33,Heniochus intermedius,1,2
Casey,2,S,10,B,17,50,33,Lethrinus spp,2,3
Casey,2,S,10,B,17,50,33,Paracheilinus octotaenia,1,25
Casey,2,S,10,B,17,50,33,Pomacentrus trichrourus,2,9
Casey,2,S,10,B,17,50,33,Pseudanthias squamipinnis,1,30
Casey,2,S,10,B,17,50,33,Scaridae spp.,1,2
Casey,2,S,10,B,17,50,33,Thalassoma rueppellii,1,1
Casey,2,S,10,B,17,50,33,Variola louti,1,3
Casey,2,S,10,B,17,50,33,Zebrasoma xanthurum,1,3
Dobby,2,N,2,A,60,20,20,Acanthurus nigrofuscus,3,9
Dobby,2,N,2,A,60,20,20,Chaetodon austriacus,3,6
Dobby,2,N,2,A,60,20,20,Chaetodon fasciatus,1,0
Dobby,2,N,2,A,60,20,20,Chaetodon melannotus,1,5
Dobby,2,N,2,A,60,20,20,Cheilinus trilobatus,2,2
Dobby,2,N,2,A,60,20,20,Chromis dimidiata,1,0
Dobby,2,N,2,A,60,20,20,Chromis viridis,2,50
Dobby,2,N,2,A,60,20,20,Dascyllus marginatus,3,32
Dobby,2,N,2,A,60,20,20,Goat fish,1,1
Dobby,2,N,2,A,60,20,20,Ostracion cyanurus,1,1
Dobby,2,N,2,A,60,20,20,Pomacentrus trichrourus,1,3
Dobby,2,N,2,A,60,20,20,Pseudanthias squamipinnis,1,2
Dobby,2,N,2,A,60,20,20,Sufflamen albicaudatum,5,6
Dobby,2,N,2,A,60,20,20,Thalassoma rueppellii,3,7
Dobby,2,N,2,A,60,20,20,Zebrasoma xanthurum,4,5
Dobby,2,N,2,B,60,20,20,Arothron spp.,2,4
Dobby,2,N,2,B,60,20,20,Cephalopholis miniata,1,1
Dobby,2,N,2,B,60,20,20,Chaetodon austriacus,1,1
Dobby,2,N,2,B,60,20,20,Chaetodon paucifasciatus,3,5
Dobby,2,N,2,B,60,20,20,Chromis viridis,2,30
Dobby,2,N,2,B,60,20,20,Ctenochaetus striatus,1,2
Dobby,2,N,2,B,60,20,20,Dascyllus marginatus,2,5
Dobby,2,N,2,B,60,20,20,Goat fish,1,1
Dobby,2,N,2,B,60,20,20,Gomphosus caeruleus,1,1
Dobby,2,N,2,B,60,20,20,Lethrinus spp,2,3
Dobby,2,N,2,B,60,20,20,Pomacentrus trichrourus,1,3
Dobby,2,N,2,B,60,20,20,Rhinecanthus assasi,1,1
Dobby,2,N,2,B,60,20,20,Scaridae spp.,1,2
Dobby,2,N,2,B,60,20,20,Sufflamen albicaudatum,1,2
Dobby,2,N,2,B,60,20,20,Zebrasoma xanthurum,2,3
Ziggy,1,C,5,A,66.7,0,33.3,Acanthurus nigrofuscus,1,3
Ziggy,1,C,5,A,66.7,0,33.3,Apolemichthys xanthotis,2,3
Ziggy,1,C,5,A,66.7,0,33.3,Cephalopholis hemistiktos,1,3
Ziggy,1,C,5,A,66.7,0,33.3,Chaetodon paucifasciatus,2,7
Ziggy,1,C,5,A,66.7,0,33.3,Cheilinus trilobatus,1,5
Ziggy,1,C,5,A,66.7,0,33.3,Epinephelus fasciatus,1,1
Ziggy,1,C,5,A,66.7,0,33.3,Goat fish,3,6
Ziggy,1,C,5,A,66.7,0,33.3,Gomphosus caeruleus,1,3
Ziggy,1,C,5,A,66.7,0,33.3,Lethrinus spp,1,3
Ziggy,1,C,5,A,66.7,0,33.3,Paracheilinus octotaenia,1,0
Ziggy,1,C,5,A,66.7,0,33.3,Pseudocheilinus hexataenia,1,1
Ziggy,1,C,5,A,66.7,0,33.3,Scaridae spp.,2,5
Ziggy,1,C,5,A,66.7,0,33.3,Sufflamen albicaudatum,2,5
Ziggy,1,C,5,A,66.7,0,33.3,Thalassoma rueppellii,1,2
Ziggy,1,C,5,A,66.7,0,33.3,Variola louti,2,1
Ziggy,1,C,5,A,66.7,0,33.3,Zebrasoma xanthurum,3,5
Ziggy,1,C,5,B,33.4,33.3,33.3,Acanthurus nigrofuscus,4,7
Ziggy,1,C,5,B,33.4,33.3,33.3,Amphiprion bicinctus,1,3
Ziggy,1,C,5,B,33.4,33.3,33.3,Caesio spp.,1,2
Ziggy,1,C,5,B,33.4,33.3,33.3,Centropyge multispinis,1,2
Ziggy,1,C,5,B,33.4,33.3,33.3,Cephalopholis miniata,1,0
Ziggy,1,C,5,B,33.4,33.3,33.3,chaetodon paucifasciatus,2,6
Ziggy,1,C,5,B,33.4,33.3,33.3,Coris aygula,1,5
Ziggy,1,C,5,B,33.4,33.3,33.3,Ctenochaetus striatus,2,1
Ziggy,1,C,5,B,33.4,33.3,33.3,Dascyllus trimaculatus,2,3
Ziggy,1,C,5,B,33.4,33.3,33.3,Epinephelus fasciatus,1,2
Ziggy,1,C,5,B,33.4,33.3,33.3,Goat fish,2,6
Ziggy,1,C,5,B,33.4,33.3,33.3,Gomphosus caeruleus,1,0
Ziggy,1,C,5,B,33.4,33.3,33.3,Heniochus intermedius,1,6
Ziggy,1,C,5,B,33.4,33.3,33.3,Lethrinus spp,1,0
Ziggy,1,C,5,B,33.4,33.3,33.3,Scaridae spp.,3,5
Ziggy,1,C,5,B,33.4,33.3,33.3,Siganus spp.,1,2
Ziggy,1,C,5,B,33.4,33.3,33.3,Sufflamen albicaudatum,3,3
Ziggy,1,C,5,B,33.4,33.3,33.3,Thalassoma rueppellii,5,6
Ziggy,1,C,5,B,33.4,33.3,33.3,Zebrasoma xanthurum,5,14
Boots,1,N,20,A,60,0,40,Dascyllus marginatus,1,25
Boots,1,N,20,A,60,0,40,Goat fish,2,6
Boots,1,N,20,A,60,0,40,Larabicus quadrilineatus,1,2
Boots,1,N,20,A,60,0,40,Plagiotremus spp.,1,1
Boots,1,N,20,A,60,0,40,Pseudanthias squamipinnis,2,20
Boots,1,N,20,A,60,0,40,Pseudocheilinus hexataenia,2,11
Boots,1,N,20,A,60,0,40,Pseudochromis spp.,1,2
Boots,1,N,20,A,60,0,40,Scaridae spp.,1,2
Boots,1,N,20,A,60,0,40,Sufflamen albicaudatum,2,18
Boots,1,N,20,B,20,0,80,Acanthurus nigrofuscus,1,1
Boots,1,N,20,B,20,0,80,Amphiprion bicinctus,1,4
Boots,1,N,20,B,20,0,80,Caesio spp.,2,40
Boots,1,N,20,B,20,0,80,Chaetodon fasciatus,1,2
Boots,1,N,20,B,20,0,80,Dascyllus trimaculatus,1,2
Boots,1,N,20,B,20,0,80,Goat fish,2,3
Boots,1,N,20,B,20,0,80,Lethrinus spp,1,1
Boots,1,N,20,B,20,0,80,Pseudanthias squamipinnis,1,5
Boots,1,N,20,B,20,0,80,Pseudocheilinus hexataenia,1,1
Boots,1,N,20,B,20,0,80,Scaridae spp.,4,9
Boots,1,N,20,B,20,0,80,Siganus spp.,2,7
Boots,1,N,20,B,20,0,80,Variola louti,1,1
Ziggy,2,N,5,A,50,33.3,16.7,Acanthurus nigrofuscus,5,4
Ziggy,2,N,5,A,50,33.3,16.7,Amblyglyphidodon leucogaster,1,3
Ziggy,2,N,5,A,50,33.3,16.7,Apolemichthys xanthotis,2,9
Ziggy,2,N,5,A,50,33.3,16.7,Centropyge multispinis,2,1
Ziggy,2,N,5,A,50,33.3,16.7,Cephalopholis hemistiktos,1,1
Ziggy,2,N,5,A,50,33.3,16.7,Chaetodon austriacus,3,9
Ziggy,2,N,5,A,50,33.3,16.7,Chaetodon melannotus,1,6
Ziggy,2,N,5,A,50,33.3,16.7,Chaetodon paucifasciatus,4,8
Ziggy,2,N,5,A,50,33.3,16.7,Ctenochaetus striatus,4,16
Ziggy,2,N,5,A,50,33.3,16.7,Epinephelus fasciatus,2,3
Ziggy,2,N,5,A,50,33.3,16.7,Goat fish,2,1
Ziggy,2,N,5,A,50,33.3,16.7,Gomphosus caeruleus,1,0
Ziggy,2,N,5,A,50,33.3,16.7,Lethrinus spp,2,5
Ziggy,2,N,5,A,50,33.3,16.7,Paracheilinus octotaenia,1,2
Ziggy,2,N,5,A,50,33.3,16.7,Pterois radiata,1,1
Ziggy,2,N,5,A,50,33.3,16.7,Scaridae spp.,8,22
Ziggy,2,N,5,A,50,33.3,16.7,siganus spp.,3,10
Ziggy,2,N,5,A,50,33.3,16.7,Sufflamen albicaudatum,4,9
Ziggy,2,N,5,A,50,33.3,16.7,Syngnathidae spp.,1,6
Ziggy,2,N,5,A,50,33.3,16.7,thalassoma rueppellii,5,7
Ziggy,2,N,5,A,50,33.3,16.7,Zebrasoma veliferum,2,7
Ziggy,2,N,5,A,50,33.3,16.7,Zebrasoma xanthurum,5,13
Ziggy,2,N,5,B,17,83,0,Apolemichthys xanthotis,1,4
Ziggy,2,N,5,B,17,83,0,Bodianus anthioides,1,5
Ziggy,2,N,5,B,17,83,0,Chaetodon fasciatus,1,6
Ziggy,2,N,5,B,17,83,0,Chaetodon paucifasciatus,1,2
Ziggy,2,N,5,B,17,83,0,Ctenochaetus striatus,1,3
Ziggy,2,N,5,B,17,83,0,dascyllus trimaculatus,2,4
Ziggy,2,N,5,B,17,83,0,Epinephelus fasciatus,3,3.5
Ziggy,2,N,5,B,17,83,0,Goat fish,5,10
Ziggy,2,N,5,B,17,83,0,Muraenidae spp.,1,0
Ziggy,2,N,5,B,17,83,0,Plagiotremus spp.,1,0
Ziggy,2,N,5,B,17,83,0,Scaridae spp.,2,4
Ziggy,2,N,5,B,17,83,0,siganus spp.,1,5
Ziggy,2,N,5,B,17,83,0,Sufflamen albicaudatum,3,11
Ziggy,2,N,5,B,17,83,0,thalassoma rueppellii,2,3
Ziggy,2,N,5,B,17,83,0,Zebrasoma xanthurum,6,20
Boots,2,S,20,A,60,0,40,Cephalopholis miniata,1,1
Boots,2,S,20,A,60,0,40,Chaetodon paucifasciatus,1,1
Boots,2,S,20,A,60,0,40,Dascyllus marginatus,3,27
Boots,2,S,20,A,60,0,40,Goat fish,3,5
Boots,2,S,20,A,60,0,40,Paracheilinus octotaenia,1,25
Boots,2,S,20,A,60,0,40,Plagiotremus spp.,1,3
Boots,2,S,20,A,60,0,40,Pseudanthias squamipinnis,1,30
Boots,2,S,20,A,60,0,40,Pseudocheilinus hexataenia,1,2
Boots,2,S,20,A,60,0,40,Sufflamen albicaudatum,3,32
Boots,2,S,20,A,60,0,40,Zebrasoma xanthurum,1,2
Boots,2,S,20,B,80,0,20,Apolemichthys xanthotis,1,2
Boots,2,S,20,B,80,0,20,Centropyge multispinis,2,4
Boots,2,S,20,B,80,0,20,Cephalopholis hemistiktos,2,3
Boots,2,S,20,B,80,0,20,Cephalopholis miniata,1,3
Boots,2,S,20,B,80,0,20,Chaetodon auriga,1,2
Boots,2,S,20,B,80,0,20,Chaetodon austriacus,1,2
Boots,2,S,20,B,80,0,20,Chaetodon paucifasciatus,1,1
Boots,2,S,20,B,80,0,20,Chaetodon trifascialis,1,1
Boots,2,S,20,B,80,0,20,Dascyllus marginatus,2,33
Boots,2,S,20,B,80,0,20,Dascyllus trimaculatus,2,10
Boots,2,S,20,B,80,0,20,Frog fish,1,1
Boots,2,S,20,B,80,0,20,Larabicus quadrilineatus,1,3
Boots,2,S,20,B,80,0,20,Paracheilinus octotaenia,1,1
Boots,2,S,20,B,80,0,20,Plagiotremus spp.,1,2
Boots,2,S,20,B,80,0,20,Pomacentrus sulfureus,1,1
Boots,2,S,20,B,80,0,20,Pomacentrus trichrourus,2,50
Boots,2,S,20,B,80,0,20,Pseudanthias squamipinnis,2,16
Boots,2,S,20,B,80,0,20,Pseudocheilinus hexataenia,1,1
Boots,2,S,20,B,80,0,20,Pseudochromis spp.,1,6
Boots,2,S,20,B,80,0,20,Scaridae spp.,1,3
Boots,2,S,20,B,80,0,20,Sufflamen albicaudatum,1,2
Boots,2,S,20,B,80,0,20,Syngnathidae spp.,1,3
Boots,2,S,20,B,80,0,20,Zebrasoma xanthurum,1,1
Mika,1,N,20,A,60,0,40,Bodianus anthioides,1,1
Mika,1,N,20,A,60,0,40,Goat fish,1,5
Mika,1,N,20,A,60,0,40,Neopomacentrus miryae,1,14
Mika,1,N,20,A,60,0,40,Pomacentrus trichrourus,2,22
Mika,1,N,20,A,60,0,40,Pseudanthias squamipinnis,1,9
Mika,1,N,20,A,60,0,40,Pseudochromis spp.,1,2
Mika,1,N,20,A,60,0,40,Sufflamen albicaudatum,2,3
Mika,1,N,20,B,20,0,80,Aluterus scriptus,1,1
Mika,1,N,20,B,20,0,80,Amphiprion bicinctus,1,6
Mika,1,N,20,B,20,0,80,Caesio spp.,1,50
Mika,1,N,20,B,20,0,80,Cephalopholis argus,1,1
Mika,1,N,20,B,20,0,80,Cephalopholis hemistiktos,1,1
Mika,1,N,20,B,20,0,80,Chaetodon fasciatus,1,2
Mika,1,N,20,B,20,0,80,Dascyllus trimaculatus,1,3
Mika,1,N,20,B,20,0,80,Goat fish,1,3
Mika,1,N,20,B,20,0,80,Muraenidae spp.,1,1
Mika,1,N,20,B,20,0,80,Pseudanthias squamipinnis,1,7
Mika,1,N,20,B,20,0,80,Scaridae spp.,1,3
Mika,1,N,20,B,20,0,80,Siganus spp.,4,17
Mika,1,N,20,B,20,0,80,Sufflamen albicaudatum,1,1
Mika,2,S,20,A,60,0,40,Cephalopholis miniata,1,1
Mika,2,S,20,A,60,0,40,Chaetodon austriacus,1,2
Mika,2,S,20,A,60,0,40,Chaetodon paucifasciatus,1,1
Mika,2,S,20,A,60,0,40,Cheilodipterus spp.,1,2
Mika,2,S,20,A,60,0,40,Dascyllus marginatus,3,33
Mika,2,S,20,A,60,0,40,Goat fish,1,1
Mika,2,S,20,A,60,0,40,Paracheilinus octotaenia,1,7
Mika,2,S,20,A,60,0,40,Pomacentrus trichrourus,3,20
Mika,2,S,20,A,60,0,40,Pseudanthias squamipinnis,2,79
Mika,2,S,20,A,60,0,40,Scaridae spp.,1,1
Mika,2,S,20,A,60,0,40,Sufflamen albicaudatum,1,3
Mika,2,S,20,A,60,0,40,Zebrasoma xanthurum,1,1
Mika,2,S,20,B,80,0,20,Acanthurus nigrofuscus,1,1
Mika,2,S,20,B,80,0,20,Chaetodon melannotus,1,1
Mika,2,S,20,B,80,0,20,Chaetodon paucifasciatus,1,2
Mika,2,S,20,B,80,0,20,Chaetodon trifascialis,1,2
Mika,2,S,20,B,80,0,20,Dascyllus marginatus,3,45
Mika,2,S,20,B,80,0,20,Goat fish,1,1
Mika,2,S,20,B,80,0,20,Neoglyphidodon melas,1,11
Mika,2,S,20,B,80,0,20,Paracheilinus octotaenia,1,4
Mika,2,S,20,B,80,0,20,Pomacentrus trichrourus,3,66
Mika,2,S,20,B,80,0,20,Pseudanthias squamipinnis,2,7
Mika,2,S,20,B,80,0,20,Pseudochromis spp.,1,1
Mika,2,S,20,B,80,0,20,Scaridae spp.,2,2
Mika,2,S,20,B,80,0,20,Sufflamen albicaudatum,1,1
Mika,2,S,20,B,80,0,20,Zebrasoma xanthurum,1,1
Tehza,1,S,2,A,50,20,30,Chromis viridis,2,7
Tehza,1,S,2,A,50,20,30,Ctenochaetus striatus,1,1
Tehza,1,S,2,A,50,20,30,Dascyllus marginatus,3,9
Tehza,1,S,2,A,50,20,30,Dascyllus trimaculatus,1,2
Tehza,1,S,2,A,50,20,30,Rhinecanthus assasi,1,2
Tehza,1,S,2,A,50,20,30,Sufflamen albicaudatum,3,6
Tehza,1,S,2,A,50,20,30,Thalassoma rueppellii,1,1
Tehza,1,S,2,A,50,20,30,Zebrasoma xanthurum,1,2
Tehza,1,S,2,B,50,20,30,Abudefduf spp.,3,8
Tehza,1,S,2,B,50,20,30,Acanthurus nigrofuscus,2,3
Tehza,1,S,2,B,50,20,30,Chaetodon austriacus,1,2
Tehza,1,S,2,B,50,20,30,Chaetodon paucifasciatus,1,3
Tehza,1,S,2,B,50,20,30,Chromis viridis,1,3
Tehza,1,S,2,B,50,20,30,Dascyllus aruanus,1,3
Tehza,1,S,2,B,50,20,30,Dascyllus marginatus,3,18
Tehza,1,S,2,B,50,20,30,Dascyllus trimaculatus,2,3
Tehza,1,S,2,B,50,20,30,Sufflamen albicaudatum,1,1
Tehza,1,S,2,B,50,20,30,Thalassoma rueppellii,1,1
Tehza,1,S,2,B,50,20,30,Zebrasoma xanthurum,1,2
Tehza,2,N,2,A,60,20,20,Acanthurus nigrofuscus,2,4
Tehza,2,N,2,A,60,20,20,Chaetodon austriacus,1,1
Tehza,2,N,2,A,60,20,20,Chaetodon melannotus,1,1
Tehza,2,N,2,A,60,20,20,Cheilinus lunulatus,1,1
Tehza,2,N,2,A,60,20,20,Cheilodipterus spp.,1,2
Tehza,2,N,2,A,60,20,20,Chromis dimidiata,1,3
Tehza,2,N,2,A,60,20,20,Chromis viridis,2,7
Tehza,2,N,2,A,60,20,20,Ctenochaetus striatus,1,1
Tehza,2,N,2,A,60,20,20,Dascyllus marginatus,1,6
Tehza,2,N,2,A,60,20,20,Dascyllus trimaculatus,2,6
Tehza,2,N,2,A,60,20,20,Neoglyphidodon melas,1,1
Tehza,2,N,2,A,60,20,20,Ostracion cyanurus,1,1
Tehza,2,N,2,A,60,20,20,Paracheilinus octotaenia,1,1
Tehza,2,N,2,A,60,20,20,Pomacentrus trichrourus,3,5
Tehza,2,N,2,A,60,20,20,Pseudanthias squamipinnis,2,5
Tehza,2,N,2,A,60,20,20,Sufflamen albicaudatum,1,1
Tehza,2,N,2,A,60,20,20,Synodontidae spp.,1,1
Tehza,2,N,2,A,60,20,20,Zebrasoma xanthurum,2,4
Tehza,2,N,2,B,60,20,20,Acanthurus nigrofuscus,1,2
Tehza,2,N,2,B,60,20,20,Arothron spp.,2,2
Tehza,2,N,2,B,60,20,20,Chaetodon austriacus,1,2
Tehza,2,N,2,B,60,20,20,Cheilinus trilobatus,1,1
Tehza,2,N,2,B,60,20,20,Chromis viridis,2,14
Tehza,2,N,2,B,60,20,20,Dascyllus marginatus,3,8
Tehza,2,N,2,B,60,20,20,Dascyllus trimaculatus,3,4
Tehza,2,N,2,B,60,20,20,Epinephelus fasciatus,1,1
Tehza,2,N,2,B,60,20,20,Synodontidae spp.,1,1
Tehza,2,N,2,B,60,20,20,Zebrasoma xanthurum,1,4
